Price,Adj Close,Close,High,Low,Open,Volume,return,volatility
Ticker,GOOG,GOOG,GOOG,GOOG,GOOG,GOOG,,
Date,,,,,,,,
2022-11-01,90.17599487304688,90.5,96.16500091552734,90.43000030517578,95.58999633789062,43220600,,
2022-11-02,86.75827026367188,87.06999969482422,91.30000305175781,87.01000213623047,90.91000366210938,43553600,-3.790055585829588,
2022-11-03,83.19109344482422,83.48999786376953,86.55000305175781,83.44999694824219,86.34500122070312,48510400,-4.1116364345956224,
2022-11-04,86.38959503173828,86.69999694824219,86.7300033569336,83.87999725341797,85.51000213623047,40173300,3.844770830765154,
2022-11-07,88.33261108398438,88.6500015258789,88.94000244140625,86.95999908447266,87.33999633789062,26899900,2.2491403071223104,
2022-11-08,88.59168243408203,88.91000366210938,90.40499877929688,87.6500015258789,89.16000366210938,30172000,0.29329061675713586,56.53768634609926
2022-11-09,87.08708953857422,87.4000015258789,89.48999786376953,87.36000061035156,88.54499816894531,26743900,-1.698348975407793,49.97963566188295
2022-11-10,93.83284759521484,94.16999816894531,94.55000305175781,91.6500015258789,92.33999633789062,42371200,7.745991447221923,57.17391764278098
2022-11-11,96.3836898803711,96.7300033569336,97.36000061035156,94.16000366210938,94.70999908447266,30569100,2.718493403170208,56.03661591768717
2022-11-14,95.68618774414062,96.02999877929688,97.18000030517578,95.11299896240234,95.5,24170100,-0.7236685137430476,59.918498914785765
2022-11-15,98.36656188964844,98.72000122070312,100.41999816894531,97.0199966430664,98.66999816894531,31831000,2.8012105337922755,58.93291351457782
2022-11-16,98.63558959960938,98.98999786376953,99.8499984741211,97.9020004272461,98.0199966430664,24660200,0.27349740653141996,52.040994337925106
2022-11-17,98.14734649658203,98.5,99.4800033569336,97.0999984741211,97.18000030517578,21818700,-0.49499734755411584,27.37516328132182
2022-11-18,97.4498519897461,97.80000305175781,99.16000366210938,96.73999786376953,99.01000213623047,24969900,-0.7106568002458791,23.722898997157074
2022-11-21,95.48690795898438,95.83000183105469,98.72000122070312,95.66999816894531,97.55999755859375,18696900,-2.0143161137332055,28.313738949587258
2022-11-22,96.98153686523438,97.33000183105469,97.5479965209961,94.41000366210938,96.16000366210938,18868900,1.5652718056339499,20.926157559170413
2022-11-23,98.46620178222656,98.81999969482422,99.06900024414062,97.33999633789062,97.33999633789062,17568900,1.5308721213792564,24.59025261866552
2022-11-25,97.25056457519531,97.5999984741211,98.94000244140625,97.52999877929688,98.46499633789062,8567800,-1.2345691403265802,26.001282670356538
2022-11-28,95.90540313720703,96.25,97.83000183105469,95.88999938964844,97.19999694824219,19974500,-1.3831951795358344,27.284631474217626
2022-11-29,95.09830474853516,95.44000244140625,96.38999938964844,94.38999938964844,96.0,20220000,-0.841555905032465,23.696222085152367
2022-11-30,101.08677673339844,101.44999694824219,101.44999694824219,94.66999816894531,95.12000274658203,39888100,6.2971441252064775,51.63859239848328
2022-12-01,100.91739654541016,101.27999877929688,102.58999633789062,100.66999816894531,101.4000015258789,21771500,-0.16756843179802638,51.68466281276498
2022-12-02,100.46900939941406,100.83000183105469,101.1500015258789,99.16999816894531,99.37000274658203,18821500,-0.44430978837469715,50.26602642436345
2022-12-05,99.51244354248047,99.87000274658203,101.75,99.3550033569336,99.81500244140625,19955500,-0.9520966647220575,49.22715862157327
2022-12-06,96.96160125732422,97.30999755859375,100.20999908447266,96.76000213623047,99.66999816894531,20877600,-2.5633374562772704,54.075403385212475
2022-12-07,94.80934143066406,95.1500015258789,97.30999755859375,95.0250015258789,96.7699966430664,26647900,-2.2197061832359366,16.97318989535273
2022-12-08,93.61363220214844,93.94999694824219,95.87000274658203,93.80000305175781,95.69000244140625,25593200,-1.2611713698295057,14.019260847346834
2022-12-09,92.73678588867188,93.06999969482422,94.48999786376953,93.0199966430664,93.9000015258789,21885300,-0.9366655476346297,12.00010048487706
2022-12-12,93.22502136230469,93.55999755859375,93.875,91.9000015258789,93.08999633789062,27380900,0.526483147497836,19.297528258713708
2022-12-13,95.5068359375,95.8499984741211,99.80000305175781,95.37999725341797,98.06999969482422,34788500,2.4476282335227584,28.88807219775536
2022-12-14,94.96876525878906,95.30999755859375,97.22000122070312,93.94000244140625,95.54000091552734,26452900,-0.5633812458256227,23.870290310626704
2022-12-15,90.87347412109375,91.19999694824219,94.02999877929688,90.43000030517578,93.54000091552734,28298800,-4.3122450064326685,39.2450556829482
2022-12-16,90.53470611572266,90.86000061035156,91.75,90.01000213623047,91.19999694824219,48485500,-0.37280301454788445,39.11496263360593
2022-12-19,88.83082580566406,89.1500015258789,91.19999694824219,88.92500305175781,90.87999725341797,23020500,-1.8820152685293245,39.04527887794682
2022-12-20,89.3091049194336,89.62999725341797,89.77999877929688,88.04000091552734,88.7300033569336,21976800,0.5384135943056867,29.90221110729296
2022-12-21,89.92688751220703,90.25,90.91500091552734,88.91000366210938,89.7300033569336,20336400,0.6917357643435373,33.059666025737876
2022-12-22,87.94401550292969,88.26000213623047,89.18000030517578,86.94000244140625,88.93000030517578,23656100,-2.2049837825701135,21.33508652277559
2022-12-23,89.48845672607422,89.80999755859375,90.0999984741211,87.62000274658203,87.62000274658203,17815000,1.7561697086420303,27.51166629928415
2022-12-27,87.61519622802734,87.93000030517578,89.5,87.53500366210938,89.30999755859375,15470900,-2.0933050935575626,28.34405087803322
2022-12-28,86.15045166015625,86.45999908447266,88.5199966430664,86.37000274658203,87.5,17879600,-1.6717857563985472,28.750222333709626
2022-12-29,88.63153839111328,88.94999694824219,89.36499786376953,86.98999786376953,87.02999877929688,18280700,2.8799420427205513,38.11622240413757
2022-12-30,88.4123306274414,88.7300033569336,88.83000183105469,87.02999877929688,87.36499786376953,19190300,-0.24732276431285172,34.17479664100875
2023-01-03,89.37885284423828,89.69999694824219,91.55000305175781,89.0199966430664,89.83000183105469,20738500,1.0931968382854818,32.46210653447972
2023-01-04,88.39239501953125,88.70999908447266,91.23999786376953,87.80000305175781,91.01000213623047,27046500,-1.103676585787139,29.036303141551173
2023-01-05,86.45934295654297,86.7699966430664,88.20999908447266,86.55999755859375,88.06999969482422,23136100,-2.18690391323183,31.262181025677414
2023-01-06,87.84437561035156,88.16000366210938,88.47000122070312,85.56999969482422,87.36000061035156,26612600,1.6019443042747161,24.69630939125695
2023-01-09,88.48208618164062,88.80000305175781,90.83000183105469,88.58000183105469,89.19499969482422,22996700,0.7259520905890104,25.455647431763317
2023-01-10,88.92050170898438,89.23999786376953,89.4749984741211,86.69999694824219,86.72000122070312,22855600,0.49548963613803565,24.199824996054048
2023-01-11,91.9296875,92.26000213623047,92.44999694824219,89.73999786376953,90.05999755859375,25998800,3.3841375445471833,32.08516589938666
2023-01-12,91.58094787597656,91.91000366210938,92.62000274658203,90.56999969482422,92.4000015258789,22754200,-0.37936100803931394,22.64768236843928
2023-01-13,92.4677505493164,92.80000305175781,92.9800033569336,90.93000030517578,91.52799987792969,18630700,0.9683378894427719,22.32304325816788
2023-01-17,91.8300552368164,92.16000366210938,92.97000122070312,90.83999633789062,92.77999877929688,22935800,-0.689654492027858,25.595670362105086
2023-01-18,91.45140075683594,91.77999877929688,93.58799743652344,91.4000015258789,92.94000244140625,19641600,-0.41233167069494314,26.952728002831385
2023-01-19,93.57378387451172,93.91000366210938,94.4000015258789,91.37999725341797,91.38999938964844,28707700,2.320772402639193,20.173146981769506
2023-01-20,98.92455291748047,99.27999877929688,99.41999816894531,95.91000366210938,95.94999694824219,53704800,5.718235446469455,41.37173459915166
2023-01-23,100.84764099121094,101.20999908447266,101.4000015258789,98.75,99.12999725341797,31791800,1.9439971080844165,41.03987650999647
2023-01-24,98.85480499267578,99.20999908447266,101.08999633789062,98.69999694824219,99.55000305175781,27391400,-1.9760893371125743,46.5550434801392
2023-01-25,96.3836898803711,96.7300033569336,97.72000122070312,95.26200103759766,97.19999694824219,31000900,-2.4997437258591826,53.804504175372436
2023-01-26,98.80498504638672,99.16000366210938,99.20999908447266,96.81999969482422,98.27999877929688,24542100,2.5121474422047596,54.09411010719564
2023-01-27,100.34943389892578,100.70999908447266,101.58000183105469,98.97000122070312,99.05000305175781,29020400,1.5631256203306965,37.406770785612615
2023-01-30,97.59931182861328,97.94999694824219,99.40899658203125,97.5199966430664,98.74500274658203,24365100,-2.7405442968135296,39.2434161686853
2023-01-31,99.51244354248047,99.87000274658203,99.91000366210938,97.79000091552734,97.86000061035156,22306800,1.9601897479939678,40.65038970089975
2023-02-01,101.06684875488281,101.43000030517578,102.19000244140625,98.41999816894531,99.73999786376953,26392600,1.5620281522893409,33.51469088844527
2023-02-02,108.41046905517578,108.80000305175781,108.81999969482422,106.54000091552734,106.79000091552734,46622600,7.266097529732485,56.43746250673373
2023-02-03,104.8432846069336,105.22000122070312,108.0199966430664,103.30000305175781,103.51000213623047,36823400,-3.29044276713083,67.76463310941189
2023-02-06,103.09955596923828,103.47000122070312,104.69999694824219,102.20999908447266,102.68499755859375,25573000,-1.6631818852855806,64.41555358992642
2023-02-07,107.65319061279297,108.04000091552734,108.66999816894531,103.5479965209961,103.62999725341797,33738800,4.416738804396392,68.54954707182677
2023-02-08,99.64197540283203,100.0,103.58000183105469,98.45500183105469,102.69000244140625,73546000,-7.441689047942102,94.30785587676075
2023-02-09,95.11823272705078,95.45999908447266,100.61000061035156,93.86000061035156,100.54000091552734,97798600,-4.540000915527342,69.98667315384094
2023-02-10,94.52037811279297,94.86000061035156,97.0199966430664,94.52999877929688,95.73999786376953,49325300,-0.6285339198360496,70.64975452580285
2023-02-13,94.65987396240234,95.0,95.3499984741211,94.05000305175781,95.01000213623047,43116600,0.14758527171372382,72.29764913027775
2023-02-14,94.61006164550781,94.94999694824219,95.17500305175781,92.6500015258789,94.66000366210938,42513100,-0.052634791324013275,53.29411643733776
2023-02-15,96.75235748291016,97.0999984741211,97.33999633789062,94.36000061035156,94.73999786376953,36964500,2.2643513375265156,39.35160824019581
2023-02-16,95.43708801269531,95.77999877929688,97.87999725341797,94.97000122070312,95.54000091552734,35642100,-1.3594229820467207,21.543972326534835
2023-02-17,94.2513427734375,94.58999633789062,95.75,93.44999694824219,95.06999969482422,31095100,-1.2424331348639295,23.184042438242514
2023-02-21,91.72044372558594,92.05000305175781,93.41500091552734,92.0,93.23999786376953,28367200,-2.6852662908026237,29.52910134813578
2023-02-22,91.4713363647461,91.80000305175781,92.36000061035156,90.87000274658203,91.93399810791016,29891100,-0.27159151734023057,29.30643320084413
2023-02-23,90.74394989013672,91.06999969482422,92.12999725341797,90.01000213623047,92.12999725341797,32423700,-0.795210602032348,14.273770257162585
2023-02-24,89.03010559082031,89.3499984741211,90.12999725341797,88.86000061035156,89.62999725341797,31295600,-1.888658423703582,14.958869372928648
2023-02-27,89.77742004394531,90.0999984741211,90.44999694824219,89.61000061035156,90.08999633789062,22724300,0.8393956494775257,21.849569599207694
2023-02-28,89.97669982910156,90.30000305175781,91.44999694824219,89.5199966430664,89.54000091552734,30546900,0.22198066706311526,16.47721527675772
2023-03-01,90.18595123291016,90.51000213623047,91.19999694824219,89.8499984741211,90.16000366210938,26323900,0.23255711780241217,17.062233947437942
2023-03-02,91.97950744628906,92.30999755859375,92.4800033569336,89.7699966430664,89.86000061035156,23328600,1.9887254224721262,22.36750731278153
2023-03-03,93.68338012695312,94.0199966430664,94.11000061035156,92.66000366210938,92.73999786376953,30242500,1.8524527458547935,13.564762404513264
2023-03-06,95.23780059814453,95.58000183105469,96.30000305175781,94.30000305175781,94.36000061035156,28288200,1.659227019450582,14.08886798727381
2023-03-07,93.83284759521484,94.16999816894531,96.08999633789062,93.84400177001953,95.41999816894531,24101500,-1.4752078207758035,23.471025655471088
2023-03-08,94.3111343383789,94.6500015258789,96.23999786376953,94.40499877929688,94.40499877929688,25395200,0.5097200448835659,23.089909253940412
2023-03-09,92.32826232910156,92.66000366210938,95.91999816894531,92.3550033569336,94.48999786376953,24438900,-2.102480540610907,28.620065407182032
2023-03-10,90.68416595458984,91.01000213623047,93.18000030517578,90.80000305175781,92.5,32850100,-1.7807052241177734,26.019074621292216
2023-03-13,91.33184051513672,91.66000366210938,93.08000183105469,89.94000244140625,90.56500244140625,31508600,0.7142088898162369,21.177335599161257
2023-03-14,93.91256713867188,94.25,94.83000183105469,92.77999877929688,93.06999969482422,32303900,2.825655939790539,32.08461317724306
2023-03-15,96.2043228149414,96.55000305175781,97.25,93.04000091552734,93.54000091552734,38367300,2.4403215403265843,36.512617550160016
2023-03-16,100.70814514160156,101.06999969482422,101.97000122070312,95.87000274658203,96.56999969482422,54499500,4.681508545000623,38.691676984179395
2023-03-17,102.09317016601562,102.45999908447266,103.48999786376953,100.75,100.83999633789062,76140300,1.3752838565800563,24.179006149027323
2023-03-20,101.5650634765625,101.93000030517578,102.58000183105469,100.79000091552734,101.05999755859375,26033900,-0.5172738473869343,30.393829547339955
2023-03-21,105.4610595703125,105.83999633789062,105.95999908447266,101.86000061035156,101.9800033569336,33122800,3.8359619552716717,32.554971784272034
2023-03-22,103.84687042236328,104.22000122070312,107.51000213623047,104.20999908447266,105.13999938964844,32336900,-1.5306076844671446,42.61385772277468
2023-03-23,105.87957000732422,106.26000213623047,107.10099792480469,105.41000366210938,105.88999938964844,31385800,1.9573986678500521,33.49042335820271
2023-03-24,105.6802749633789,106.05999755859375,106.16000366210938,104.73999786376953,105.73999786376953,25236200,-0.18822188369647108,34.28761178747702
2023-03-27,102.6910171508789,103.05999755859375,105.4000015258789,102.62999725341797,105.31999969482422,25393400,-2.8285876570406487,42.458473274791935
2023-03-28,100.99710845947266,101.36000061035156,103.0,100.27999877929688,103.0,24913500,-1.649521626735606,28.986397600663707
2023-03-29,101.53517150878906,101.9000015258789,102.81999969482422,101.02999877929688,102.72000122070312,26148300,0.5327554383145916,29.619196220497
2023-03-30,100.9572525024414,101.31999969482422,101.61000061035156,100.29000091552734,101.44000244140625,25009800,-0.569187264346982,20.912613810935735
2023-03-31,103.6276626586914,104.0,104.19000244140625,101.44000244140625,101.70999908447266,28108000,2.6450851887563465,33.32430782813055
2023-04-03,104.53440856933594,104.91000366210938,104.94999694824219,102.37999725341797,102.66999816894531,20719900,0.8750035212590213,25.619041562771702
2023-04-04,104.74365234375,105.12000274658203,106.0999984741211,104.5999984741211,104.83999633789062,20377200,0.20017069597004777,18.943051794583948
2023-04-05,104.57425689697266,104.94999694824219,106.54000091552734,104.10199737548828,106.12000274658203,21864200,-0.16172545081613032,20.024962837917364
2023-04-06,108.51011657714844,108.9000015258789,109.62999725341797,104.81500244140625,105.7699966430664,34684200,3.7637014697434745,26.646902608645576
2023-04-10,106.56708526611328,106.94999694824219,107.97000122070312,105.5999984741211,107.38999938964844,19741500,-1.7906377872486279,32.277696029692166
2023-04-11,105.74006652832031,106.12000274658203,107.22000122070312,105.27999877929688,106.91999816894531,18721300,-0.776058181714423,33.426163868476884
2023-04-12,104.8432846069336,105.22000122070312,107.58699798583984,104.97000122070312,107.38999938964844,22761600,-0.8480979104647624,34.334946326916345
2023-04-13,107.80266571044922,108.19000244140625,108.26499938964844,106.44000244140625,106.47000122070312,21650700,2.8226584168854263,39.40668977286027
2023-04-14,109.068115234375,109.45999908447266,109.58000183105469,107.58999633789062,107.69000244140625,20758700,1.1738576711413096,29.49155274756298
2023-04-17,106.03899383544922,106.41999816894531,106.70999908447266,105.31999969482422,105.43000030517578,29043400,-2.7772710953352986,33.998254971706594
2023-04-18,104.74365234375,105.12000274658203,107.05000305175781,104.77999877929688,107.0,17641400,-1.2215706114742653,34.71170677829642
2023-04-19,104.64399719238281,105.0199966430664,105.7249984741211,103.80000305175781,104.21499633789062,16732000,-0.09513517970192176,34.192859771870545
2023-04-20,105.5208511352539,105.9000015258789,106.88800048828125,104.63999938964844,104.6500015258789,22515300,0.8379403075048586,25.63070946868874
2023-04-21,105.53082275390625,105.91000366210938,106.63999938964844,105.48500061035156,106.08999633789062,22379000,0.009444887711373973,22.17987727619859
2023-04-24,106.39769744873047,106.77999877929688,107.31999969482422,105.36000061035156,106.05000305175781,21410900,0.8214475376311814,13.407842794895913
2023-04-25,104.23546600341797,104.61000061035156,107.44000244140625,104.55999755859375,106.61000061035156,31408100,-2.032214079183947,18.570301826946302
2023-04-26,104.07604217529297,104.44999694824219,107.0199966430664,103.2699966430664,105.55999755859375,37068200,-0.15295254868160635,18.575510508654364
2023-04-27,107.98200988769531,108.37000274658203,109.1500015258789,104.41999816894531,105.2300033569336,38235200,3.7529975230945256,33.45189499435704
2023-04-28,107.8325424194336,108.22000122070312,108.29000091552734,106.04000091552734,107.80000305175781,23957900,-0.13841609493143725,33.599004148077064
2023-05-01,107.32437133789062,107.70999908447266,108.68000030517578,107.5,107.72000122070312,20926300,-0.47126421223223636,33.950593474800606
2023-05-02,105.6005630493164,105.9800033569336,107.7300033569336,104.5,107.66000366210938,20343100,-1.6061607485320817,32.28636667862234
2023-05-03,105.74006652832031,106.12000274658203,108.12999725341797,105.62000274658203,106.22000122070312,17116300,0.1320998162048781,32.11024763918475
2023-05-04,104.83332061767578,105.20999908447266,106.30000305175781,104.69999694824219,106.16000366210938,19780600,-0.8575232176373904,10.777114512718338
2023-05-05,105.834716796875,106.21499633789062,106.44000244140625,104.73899841308594,105.31999969482422,20705300,0.955229790099188,15.440690404910056
2023-05-08,107.85247039794922,108.23999786376953,108.41999816894531,105.79000091552734,105.79499816894531,17266000,1.9065118822176208,22.201035427287618
2023-05-09,107.55355834960938,107.94000244140625,110.59500122070312,107.7249984741211,108.77999877929688,24782400,-0.27715763884331723,17.181118258752218
2023-05-10,111.87801361083984,112.27999877929688,113.51000213623047,108.4800033569336,108.55000305175781,47533500,4.020748786110628,30.657094065833416
2023-05-11,116.48147583007812,116.9000015258789,118.44000244140625,114.93000030517578,115.86000061035156,57115100,4.11471570788251,30.470668093116185
2023-05-12,117.49781799316406,117.91999816894531,118.26000213623047,116.55000305175781,117.0,31272500,0.872537750002178,30.678858846039788
2023-05-15,116.54125213623047,116.95999908447266,118.79499816894531,116.4800033569336,116.48999786376953,22107900,-0.8141104981169156,37.28252861308398
2023-05-16,119.66004943847656,120.08999633789062,121.19999694824219,116.83000183105469,116.83000183105469,32370100,2.6761262636103345,33.72314713291079
2023-05-17,121.04507446289062,121.4800033569336,122.27999877929688,119.45999908447266,120.18000030517578,26659600,1.1574711145231342,29.735369036784142
2023-05-18,123.07776641845703,123.5199966430664,123.9000015258789,121.48999786376953,121.55999755859375,27014500,1.6792831986832235,20.294530915883676
2023-05-19,122.80873107910156,123.25,126.47899627685547,122.72000122070312,124.19999694824219,30251300,-0.21858537111736354,22.474524337857414
2023-05-22,125.41935729980469,125.87000274658203,127.05000305175781,123.44999694824219,123.51000213623047,29760200,2.1257628775513515,17.52781865892491
2023-05-23,122.84859466552734,123.29000091552734,125.41999816894531,123.05000305175781,124.93000030517578,24477900,-2.0497352623794596,26.88849996043692
2023-05-24,121.20449829101562,121.63999938964844,122.75,120.75,121.87999725341797,23087900,-1.338309281877137,29.023936284152747
2023-05-25,123.90479278564453,124.3499984741211,125.9800033569336,122.9000015258789,125.20999908447266,33812700,2.22788482248486,31.15915335356135
2023-05-26,124.98092651367188,125.43000030517578,126.0,123.29000091552734,124.06500244140625,25154700,0.8685177678385392,31.305749231958227
2023-05-30,124.19375610351562,124.63999938964844,126.37999725341797,122.88999938964844,126.29000091552734,27230700,-0.6298341015747777,27.423353218120738
2023-05-31,122.92831420898438,123.37000274658203,124.9000015258789,123.0999984741211,123.69999694824219,41548800,-1.0189318431366168,23.734099067968184
2023-06-01,123.92472076416016,124.37000274658203,125.04000091552734,123.30000305175781,123.5,25017700,0.8105698125452143,20.682344191817435
2023-06-02,124.78164672851562,125.2300033569336,126.74500274658203,124.3499984741211,124.48999786376953,19362400,0.6914855603114445,14.243359135246088
2023-06-05,126.1766357421875,126.62999725341797,127.98999786376953,124.37999725341797,124.61000061035156,22672500,1.1179380810955264,15.125036194216847
2023-06-06,127.45205688476562,127.91000366210938,128.8800048828125,125.97000122070312,126.5999984741211,19450100,1.0108240041495131,13.931088667344227
2023-06-07,122.49984741210938,122.94000244140625,129.5500030517578,122.62999725341797,127.57499694824219,34179300,-3.8855453665938566,34.13131045287774
2023-06-08,122.23080444335938,122.66999816894531,123.7300033569336,122.01000213623047,122.58499908447266,24815000,-0.21962279738007018,33.26570812082695
2023-06-09,122.43009948730469,122.87000274658203,124.28500366210938,122.41999816894531,122.55999755859375,20304500,0.16304278195331534,32.519669755239356
2023-06-12,123.90479278564453,124.3499984741211,124.75,122.3499984741211,123.3949966430664,22255700,1.2045216036916218,32.772847193566676
2023-06-13,123.98451232910156,124.43000030517578,125.86000061035156,123.84500122070312,125.6500015258789,19287700,0.06433601289617119,30.94309634101474
2023-06-14,123.9346923828125,124.37999725341797,124.79000091552734,122.16000366210938,123.80000305175781,24659600,-0.04018568804562417,8.897812250260346
2023-06-15,125.33964538574219,125.79000091552734,126.16000366210938,123.13999938964844,123.87999725341797,24517100,1.1336257382580373,9.697907229609282
2023-06-16,123.61582946777344,124.05999755859375,126.69999694824219,123.79000091552734,126.69999694824219,56686800,-1.3753107117753793,16.721788930391117
2023-06-20,123.40658569335938,123.8499984741211,125.17500305175781,122.83000183105469,123.53500366210938,22698000,-0.16927219781176506,14.156532525879372
2023-06-21,120.82585906982422,121.26000213623047,123.41000366210938,120.86000061035156,123.23500061035156,22612000,-2.091236471376956,19.90239522649455
2023-06-22,123.42652893066406,123.87000274658203,123.93499755859375,119.5999984741211,120.66000366210938,20781900,2.152400267500676,27.70870878560091
2023-06-23,122.57955169677734,123.0199966430664,123.44000244140625,121.86000061035156,122.04000091552734,29542900,-0.6862081897702099,25.665273123114893
2023-06-26,118.66362762451172,119.08999633789062,122.72000122070312,118.98999786376953,121.46600341796875,23185000,-3.1946028389013836,32.26942621096753
2023-06-27,118.58392333984375,119.01000213623047,119.8949966430664,116.91000366210938,117.83999633789062,27221700,-0.067171218507045,32.40257547396767
2023-06-28,120.6465072631836,121.08000183105469,121.2699966430664,117.5999984741211,117.95999908447266,19753100,1.7393493468344845,33.98999750240587
2023-06-29,119.58033752441406,120.01000213623047,120.91000366210938,119.20999908447266,120.08999633789062,18517500,-0.8837129820308487,28.146094628417984
2023-06-30,120.53689575195312,120.97000122070312,122.02999877929688,120.87999725341797,121.0999984741211,23865800,0.7999325617733977,29.84681594426952
2023-07-03,120.12836456298828,120.55999755859375,121.0199966430664,119.70500183105469,120.31999969482422,13888300,-0.3389300305629894,16.36947456274143
2023-07-05,122.19094848632812,122.62999725341797,123.37000274658203,120.05999755859375,120.05999755859375,17830300,1.716987173807949,18.897529809686336
2023-07-06,120.49703979492188,120.93000030517578,121.1500015258789,119.25,120.63999938964844,17732500,-1.3862814860291506,20.08586782882302
2023-07-07,119.70986938476562,120.13999938964844,121.75,120.08999633789062,120.88999938964844,20982400,-0.6532712424821896,19.5190571592998
2023-07-10,116.45158386230469,116.87000274658203,119.06999969482422,116.63999938964844,119.06999969482422,32960100,-2.7218217576819415,25.756853292364987
2023-07-11,117.28856658935547,117.70999908447266,118.2249984741211,115.83000183105469,116.76000213623047,18286600,0.7187441757078084,27.655115312380776
2023-07-12,119.19173431396484,119.62000274658203,120.95999908447266,119.0,119.30000305175781,22059600,1.6226350156868907,27.190297463184883
2023-07-13,124.3830795288086,124.83000183105469,125.33499908447266,121.05999755859375,121.54000091552734,31535900,4.3554580879839655,41.81044680144691
2023-07-14,125.24995422363281,125.69999694824219,127.08999633789062,124.9000015258789,125.12999725341797,20482800,0.6969439272819677,40.1974357780906
2023-07-17,124.61225891113281,125.05999755859375,127.27999877929688,124.5,126.05999755859375,20675300,-0.5091482937043867,29.038724733006163
2023-07-18,123.63575744628906,124.08000183105469,124.98999786376953,123.30000305175781,124.90499877929688,21071200,-0.7836204595157659,32.887656122044106
2023-07-19,122.34041595458984,122.77999877929688,125.47000122070312,122.47000122070312,124.79000091552734,22313800,-1.0477135981411978,35.457269938287865
2023-07-20,119.10205078125,119.52999877929688,124.69999694824219,118.68499755859375,122.12000274658203,27541700,-2.6470109401467212,19.085146110874263
2023-07-21,119.87925720214844,120.30999755859375,121.30000305175781,119.06999969482422,120.87000274658203,56498100,0.6525548291329564,18.8585432344625
2023-07-24,121.44364166259766,121.87999725341797,123.3499984741211,121.37999725341797,121.9260025024414,22276100,1.3049619538555657,24.562268339750645
2023-07-25,122.35038757324219,122.79000091552734,123.69000244140625,121.52999877929688,121.87999725341797,31820800,0.7466390569547343,25.83493711250953
2023-07-26,129.19578552246094,129.66000366210938,131.3699951171875,128.7100067138672,130.36000061035156,46216900,5.594920348040566,46.6929535221577
2023-07-27,129.405029296875,129.8699951171875,133.60000610351562,129.17999267578125,131.8000030517578,35931600,0.1619554597772188,35.22725999953362
2023-07-28,132.53378295898438,133.00999450683594,134.07000732421875,130.9199981689453,130.97000122070312,26971000,2.4178020387350285,34.158025280162995
2023-07-31,132.63343811035156,133.11000061035156,133.8300018310547,132.1300048828125,133.00999450683594,18381900,0.07518690898862257,36.847017728211554
2023-08-01,131.4178009033203,131.88999938964844,132.9199981689453,130.75,130.85499572753906,22154300,-0.9165361093148805,41.445296711468195
2023-08-02,128.179443359375,128.63999938964844,130.4199981689453,127.8499984741211,129.83999633789062,22705800,-2.464174702433941,28.268769592952804
2023-08-03,128.30897521972656,128.77000427246094,129.77000427246094,127.7750015258789,128.3699951171875,15018100,0.10106101012852253,28.230371425423424
2023-08-04,128.07977294921875,128.5399932861328,131.92999267578125,128.31500244140625,129.60000610351562,20509500,-0.17862155680405944,17.15423181768346
2023-08-07,131.46762084960938,131.94000244140625,132.05999755859375,129.42999267578125,129.50999450683594,17621000,2.6450982829172354,29.50546358525038
2023-08-08,131.36798095703125,131.83999633789062,131.94000244140625,130.1300048828125,130.97999572753906,16836000,-0.07579665125444501,28.746027271414167
2023-08-09,129.6840362548828,130.14999389648438,132.47000122070312,129.5050048828125,132.19000244140625,17745200,-1.2818586835173784,22.997236393150395
2023-08-10,129.74383544921875,130.2100067138672,132.64700317382812,130.03500366210938,131.97000122070312,17855700,0.04611050341696288,23.021744783850206
2023-08-11,129.70396423339844,130.1699981689453,130.44000244140625,128.75,129.20199584960938,15191500,-0.030726167620731548,22.879470375410957
2023-08-14,131.3580322265625,131.8300018310547,131.91000366210938,129.58999633789062,129.85000610351562,17526200,1.275258266466972,14.369197738701367
2023-08-15,129.80360412597656,130.27000427246094,131.99000549316406,129.81900024414062,131.58999633789062,14769200,-1.183340314743342,16.64344561027959
2023-08-16,128.6477508544922,129.11000061035156,130.8979949951172,128.4600067138672,129.27999877929688,17548400,-0.8904610609232977,15.267409741558163
2023-08-17,129.99293518066406,130.4600067138672,132.49099731445312,129.85000610351562,130.4499969482422,23665600,1.045624736374906,17.57776897498868
2023-08-18,127.65133666992188,128.11000061035156,129.8300018310547,127.0,129.05999755859375,23619400,-1.801322997529653,21.988430083855803
2023-08-21,128.4683837890625,128.92999267578125,129.25999450683594,127.16000366210938,127.8499984741211,21851100,0.6400687389922943,19.41348679069566
2023-08-22,129.22567749023438,129.69000244140625,130.9499969482422,128.9250030517578,129.1300048828125,15569400,0.589474760567299,19.203351005051992
2023-08-23,132.7330780029297,133.2100067138672,134.07000732421875,130.50999450683594,130.85000610351562,26497000,2.7141677894957805,25.63288875519755
2023-08-24,129.9530792236328,130.4199981689453,134.97000122070312,130.3000030517578,134.7270050048828,18680400,-2.0944436636166297,31.50487396047014
2023-08-25,130.2220916748047,130.69000244140625,131.39999389648438,128.0399932861328,130.13999938964844,20678100,0.20702674149035705,27.15858794077064
2023-08-28,131.3181610107422,131.7899932861328,133.24000549316406,130.85000610351562,132.0800018310547,16715500,0.8416794124858518,27.30292924330343
2023-08-29,135.00491333007812,135.49000549316406,137.2949981689453,132.97999572753906,132.9980010986328,30803300,2.8075061806840385,32.123798293158835
2023-08-30,136.43975830078125,136.92999267578125,137.25,135.02099609375,135.57000732421875,21773400,1.0627995602892293,28.12295224621777
2023-08-31,136.85826110839844,137.35000610351562,138.39999389648438,136.82000732421875,137.0500030517578,28147900,0.30673588709586586,16.64046203890524
2023-09-01,136.3102264404297,136.8000030517578,138.5800018310547,135.94000244140625,138.42999267578125,16665700,-0.40043904427881083,18.964540978122816
2023-09-05,136.22056579589844,136.7100067138672,137.3699951171875,135.55999755859375,136.44000244140625,17730200,-0.0657867952360891,20.261571209912105
2023-09-06,134.8853302001953,135.3699951171875,137.47999572753906,134.69000244140625,137.01499938964844,15814300,-0.9801854515919417,12.16211794436773
2023-09-07,135.71238708496094,136.1999969482422,136.5800018310547,133.9600067138672,134.60000610351562,16976000,0.6131357472061394,9.849925533334805
2023-09-08,136.7087860107422,137.1999969482422,137.51499938964844,135.8699951171875,135.8699951171875,17810700,0.7342144070531909,11.332459905426717
2023-09-11,137.2468719482422,137.74000549316406,138.26400756835938,136.5500030517578,137.3800048828125,17180800,0.39359224266279913,11.050800706438427
2023-09-12,135.5828399658203,136.07000732421875,137.63999938964844,135.92999267578125,137.1300048828125,15212900,-1.2124278367537822,14.763856774982342
2023-09-13,137.00772094726562,137.5,137.6999969482422,134.92999267578125,135.89999389648438,16394900,1.0509242293005538,14.0769804564192
2023-09-14,138.4923858642578,138.99000549316406,139.5500030517578,137.05999755859375,138.38999938964844,19064600,1.0836403586647725,15.064547233185065
2023-09-15,137.8048553466797,138.3000030517578,139.36000061035156,137.17999267578125,138.8000030517578,48947600,-0.49644032961793094,15.905869705118588
2023-09-18,138.46249389648438,138.9600067138672,139.92999267578125,137.6300048828125,137.6300048828125,16233600,0.4772260647473603,15.992814955399949
2023-09-19,138.3329620361328,138.8300018310547,139.1750030517578,137.5,138.25,15479100,-0.09355561062989182,11.06709893925487
2023-09-20,134.10812377929688,134.58999633789062,138.83999633789062,134.52000427246094,138.8300018310547,21473500,-3.0540988527276824,25.245931280263388
2023-09-21,130.88970947265625,131.36000061035156,133.19000244140625,131.08999633789062,132.38999938964844,22042700,-2.3998780113122953,24.29908433886153
2023-09-22,130.7801055908203,131.25,133.00999450683594,130.50999450683594,131.67999267578125,17348700,-0.08373980651679158,25.12188582646682
2023-09-25,131.69679260253906,132.1699981689453,132.22000122070312,130.02999877929688,130.77000427246094,14650000,0.7009509858630913,26.002736985789536
2023-09-26,128.98654174804688,129.4499969482422,131.40499877929688,128.19000244140625,130.91400146484375,20378800,-2.057956615257195,25.48961727910726
2023-09-27,130.98934936523438,131.4600067138672,131.72000122070312,129.3800048828125,129.44000244140625,18764200,1.5527306396373675,27.331166377572398
2023-09-28,132.6533660888672,133.1300048828125,134.17999267578125,130.69000244140625,130.69000244140625,18201400,1.270346937209732,22.971618826278775
2023-09-29,131.37794494628906,131.85000610351562,134.88999938964844,131.32000732421875,134.0800018310547,23224200,-0.9614652838205728,24.62437753183548
2023-10-02,134.68605041503906,135.1699981689453,135.36000061035156,132.06500244140625,132.15499877929688,19210400,2.518006759000957,30.168550431602316
2023-10-03,132.82275390625,133.3000030517578,135.24000549316406,132.81500244140625,134.92999267578125,19628700,-1.3834394780787407,26.80867140694393
2023-10-04,135.78211975097656,136.27000427246094,136.57000732421875,133.42999267578125,133.66000366210938,22848000,2.2280578790008887,28.684920679061637
2023-10-05,135.5031280517578,135.99000549316406,136.5,134.4550018310547,136.1300048828125,15922900,-0.20547352353276205,28.86033106214447
2023-10-06,138.23330688476562,138.72999572753906,139.18600463867188,134.94000244140625,134.94000244140625,20819300,2.014846770862677,27.46154294984036
2023-10-09,139.00054931640625,139.5,139.97000122070312,136.6999969482422,137.99000549316406,16599100,0.555038056782764,24.112100472967455
2023-10-10,138.70162963867188,139.1999969482422,140.74000549316406,138.42999267578125,139.50999450683594,19554900,-0.21505595108086695,18.76289567054344
2023-10-11,141.1926727294922,141.6999969482422,142.22000122070312,139.83999633789062,139.85000610351562,20146300,1.795977050868447,16.965213627583186
2023-10-12,139.7877197265625,140.2899932861328,142.3800048828125,139.4499969482422,142.16000366210938,18173100,-0.9950625917263811,20.449582292673792
2023-10-13,138.08383178710938,138.5800018310547,141.33999633789062,137.97000122070312,140.64999389648438,19438700,-1.218897666913743,19.530313099578496
2023-10-16,139.9870147705078,140.49000549316406,140.90499877929688,139.32000732421875,139.72999572753906,17345600,1.3782678863274223,21.78945050319723
2023-10-17,140.4852294921875,140.99000549316406,141.25,138.5290069580078,140.02999877929688,17424000,0.3558972029681806,21.564239191772547
2023-10-18,138.78134155273438,139.27999877929688,141.99000549316406,138.7050018310547,140.75,18304900,-1.2128566900085014,18.44477362455845
2023-10-19,138.482421875,138.97999572753906,141.0050048828125,138.60000610351562,139.8000030517578,21831200,-0.21539564502236486,17.50286885883912
2023-10-20,136.2504425048828,136.74000549316406,139.0399932861328,136.2449951171875,138.58999633789062,24953900,-1.6117357196976378,19.11603057597761
2023-10-23,137.40628051757812,137.89999389648438,139.02000427246094,135.11000061035156,136.22999572753906,20780700,0.8483167739658404,16.434907088251837
2023-10-24,139.6183319091797,140.1199951171875,140.7100067138672,138.75,139.16000366210938,26535200,1.609863175461479,21.531341977373618
2023-10-25,126.21649169921875,126.66999816894531,130.10000610351562,126.08999633789062,129.77000427246094,58796100,-9.598913372066175,71.87927653034009
2023-10-26,122.99806213378906,123.44000244140625,125.45999908447266,122.31999969482422,124.47000122070312,33907400,-2.5499295604560435,70.54849380433936
2023-10-27,122.95819854736328,123.4000015258789,124.44000244140625,121.45999908447266,124.02999877929688,37367700,-0.03240514803645178,72.33186838623243
2023-10-30,125.29978942871094,125.75,126.55000305175781,123.87999725341797,124.45999908447266,24165600,1.9043747528870725,75.23127515211249
2023-10-31,124.85140228271484,125.30000305175781,126.55999755859375,123.92500305175781,126.2699966430664,21123400,-0.3578504558585993,70.8941902638388
2023-11-01,127.11326599121094,127.56999969482422,127.73999786376953,124.92500305175781,125.33999633789062,26536600,1.8116493118748966,29.076338819898734
2023-11-02,128.11964416503906,128.5800018310547,130.08999633789062,128.11000061035156,129.55999755859375,24091700,0.7917238681873551,16.409015720842046
2023-11-03,129.9032440185547,130.3699951171875,130.72999572753906,129.00999450683594,129.08999633789062,19517900,1.3921241722213873,14.761604442133233
2023-11-06,130.97938537597656,131.4499969482422,131.55999755859375,129.92999267578125,130.22000122070312,15360400,0.828412879883822,12.974670657318885
2023-11-07,131.92596435546875,132.39999389648438,133.27999877929688,131.13999938964844,131.97999572753906,19223800,0.7227059492563193,7.5403544719148226
2023-11-08,132.78289794921875,133.25999450683594,133.5399932861328,132.16000366210938,132.36000061035156,15093600,0.6495473187286827,4.699276437423247
2023-11-09,131.21852111816406,131.69000244140625,133.9600067138672,131.50999450683594,133.36000061035156,17976500,-1.1781420757518868,15.453013449250955
2023-11-10,133.5800323486328,134.05999755859375,134.27000427246094,130.8699951171875,131.52999877929688,20872900,1.7996773280052114,17.142220552807647
2023-11-13,133.16152954101562,133.63999938964844,134.11000061035156,132.77000427246094,133.36000061035156,16409900,-0.3132911954304207,17.932591218697812
2023-11-14,134.94512939453125,135.42999267578125,137.24000549316406,135.10000610351562,135.64999389648438,22317300,1.339414317800025,19.255850418046162
2023-11-15,135.8917236328125,136.3800048828125,136.83999633789062,135.3300018310547,136.63999938964844,15840900,0.7014784452551659,19.291646432935543
2023-11-16,138.20343017578125,138.6999969482422,138.8800048828125,136.0800018310547,136.9600067138672,17615100,1.7011233189375474,13.86107992322266
2023-11-17,136.44972229003906,136.94000244140625,138.0,135.47999572753906,137.82000732421875,25565300,-1.2689218064602437,19.369643814163204
2023-11-20,137.42620849609375,137.9199981689453,138.4250030517578,135.49000549316406,135.5,19569400,0.7156387542481379,18.218757415799956
2023-11-21,138.1237030029297,138.6199951171875,138.96499633789062,137.7050018310547,137.94000244140625,17648100,0.5075383972850123,17.124676536123022
2023-11-22,139.51869201660156,140.02000427246094,141.10000610351562,139.0,139.10000610351562,17306400,1.0099619135680138,17.521264925612126
2023-11-24,137.72512817382812,138.22000122070312,139.677001953125,137.47000122070312,139.5399932861328,8828600,-1.2855327787701265,17.804705110867626
2023-11-27,137.55575561523438,138.0500030517578,139.6300048828125,137.5399932861328,137.57000732421875,17886400,-0.12299100524089113,14.465588912413793
2023-11-28,138.1237030029297,138.6199951171875,138.66000366210938,137.0399932861328,137.6300048828125,17046900,0.41288812229578475,13.887580883371786
2023-11-29,135.91165161132812,136.39999389648438,139.6699981689453,136.2949981689453,138.98500061035156,21014700,-1.6015014420007523,17.604254556078217
2023-11-30,133.44053649902344,133.9199981689453,136.9600067138672,132.7899932861328,136.39999389648438,29913500,-1.818178767237455,15.49244608715895
2023-12-01,132.8426971435547,133.32000732421875,133.5,132.15199279785156,133.32000732421875,24258400,-0.44802184358578856,15.260947688743842
2023-12-04,130.1623077392578,130.6300048828125,131.4499969482422,129.39999389648438,131.29400634765625,24117100,-2.017703490567979,16.503417857640752
2023-12-05,131.916015625,132.38999938964844,133.5399932861328,129.72999572753906,130.3699951171875,19235100,1.347312593622596,22.222646320402422
2023-12-06,130.9594268798828,131.42999267578125,133.30999755859375,131.30999755859375,132.89999389648438,16360600,-0.7251353714729736,21.352612767781327
2023-12-07,137.95431518554688,138.4499969482422,140.0,136.22999572753906,136.60000610351562,38419400,5.341249839203965,45.38491666373282
2023-12-08,136.1508026123047,136.63999938964844,137.99000549316406,135.57000732421875,135.66000366210938,22990900,-1.3073294319178586,47.130204985666936
2023-12-11,134.21774291992188,134.6999969482422,134.7899932861328,132.88999938964844,133.82000732421875,24502900,-1.4197910202517372,45.24945075098276
2023-12-12,133.16152954101562,133.63999938964844,134.5399932861328,132.8300018310547,133.27000427246094,26584000,-0.7869321325976286,45.70372685525381
2023-12-13,133.4903564453125,133.97000122070312,134.77999877929688,132.9499969482422,134.5449981689453,25414500,0.24693342753805414,44.95156485165551
2023-12-14,132.72311401367188,133.1999969482422,135.03500366210938,131.05999755859375,134.77000427246094,29619100,-0.5747587261661913,10.600016282884477
2023-12-15,133.36082458496094,133.83999633789062,134.8300018310547,132.6300048828125,132.9199981689453,58569400,0.4804800332669057,12.330656397602704
2023-12-18,136.69882202148438,137.19000244140625,138.3800048828125,133.77000427246094,133.86000061035156,25699800,2.5029932719500714,20.710001343361686
2023-12-19,137.60557556152344,138.10000610351562,138.77000427246094,137.4499969482422,138.0,20661000,0.6633163101648298,17.96704647269599
2023-12-20,139.15997314453125,139.66000366210938,143.0780029296875,139.41000366210938,140.3300018310547,33507300,1.1296144023515975,17.768525652390032
2023-12-21,141.29232788085938,141.8000030517578,142.02999877929688,140.47300720214844,140.77000427246094,18101500,1.532292233663335,12.7980520132405
2023-12-22,142.2090301513672,142.72000122070312,143.25,142.05499267578125,142.1300048828125,18494700,0.6487998230927383,12.192164317648158
2023-12-26,142.3086700439453,142.82000732421875,143.94500732421875,142.5,142.97999572753906,11170100,0.07007154054110565,8.762844052054483
2023-12-27,140.93362426757812,141.44000244140625,143.32000732421875,141.05099487304688,142.8300018310547,17288400,-0.9662545946239276,15.508067269927626
2023-12-28,140.77418518066406,141.27999877929688,142.27000427246094,140.8280029296875,141.85000610351562,12192500,-0.11312475915408182,14.733391098884177
2023-12-29,140.42543029785156,140.92999267578125,141.43499755859375,139.89999389648438,140.67999267578125,14872700,-0.24773931663348847,9.255253985359387
2024-01-02,139.0603485107422,139.55999755859375,140.61500549316406,137.74000549316406,139.60000610351562,20071900,-0.9721104011828463,7.792669288836952
2024-01-03,139.85748291015625,140.36000061035156,141.08999633789062,138.42999267578125,138.60000610351562,18974300,0.573232348633379,10.304991961967596
2024-01-04,137.5457763671875,138.0399932861328,140.63499450683594,138.00999450683594,139.85000610351562,18253300,-1.6528977729625693,13.553127159346912
2024-01-05,136.8981170654297,137.38999938964844,138.80999755859375,136.85000610351562,138.3520050048828,15433200,-0.47087360772110065,13.171420224200801
2024-01-08,140.02685546875,140.52999877929688,140.63999938964844,137.8800048828125,138.0,17645300,2.2854643013303866,24.386213493256097
2024-01-09,142.0496063232422,142.55999755859375,142.8000030517578,139.7899932861328,140.05999755859375,19579700,1.4445305606847647,24.646928796344433
2024-01-10,143.28517150878906,143.8000030517578,144.52499389648438,142.4600067138672,142.52000427246094,16641900,0.8698130712680552,24.84022172889329
2024-01-11,143.15562438964844,143.6699981689453,146.66000366210938,142.21499633789062,144.89500427246094,17471100,-0.09040673160883861,17.809444573190365
2024-01-12,143.7235870361328,144.24000549316406,144.74000549316406,143.36000061035156,144.33999633789062,13995200,0.3967476379783008,14.674506115445334
2024-01-16,143.5641632080078,144.0800018310547,145.83999633789062,143.05599975585938,143.42999267578125,19198900,-0.11092876872981217,10.534012229355662
2024-01-17,142.37841796875,142.88999938964844,143.41000366210938,140.50999450683594,142.91000366210938,17884500,-0.8259317228504925,10.05613729314701
2024-01-18,144.47091674804688,144.99000549316406,145.5850067138672,143.35000610351562,143.44000244140625,18876800,1.4696662555012674,13.46794581395095
2024-01-19,147.4402313232422,147.97000122070312,148.0399932861328,145.8000030517578,146.30499267578125,27170900,2.055311135000659,18.536872590573427
2024-01-22,147.18116760253906,147.7100067138672,150.01499938964844,147.5800018310547,148.7100067138672,21829200,-0.1757075790302598,19.353916818286386
2024-01-23,148.14767456054688,148.67999267578125,148.86000061035156,147.19000244140625,147.72000122070312,14113600,0.6566826334204023,18.624635448909405
2024-01-24,149.8117218017578,150.35000610351562,151.57000732421875,149.83999633789062,150.2899932861328,19245000,1.1232267352716985,13.39085660265322
2024-01-25,153.08993530273438,153.63999938964844,154.75999450683594,151.22000122070312,151.74000549316406,21495100,2.188222914914717,15.669120393620924
2024-01-26,153.23939514160156,153.7899932861328,154.11000061035156,152.8000030517578,152.8699951171875,19494500,0.0976268530852975,14.838831211207596
2024-01-29,154.28564453125,154.83999633789062,155.1999969482422,152.9199981689453,153.63999938964844,20909300,0.6827512176323713,12.41666625937163
2024-01-30,152.50204467773438,153.0500030517578,155.0399932861328,152.77499389648438,154.00999450683594,26578900,-1.1560277244044292,19.664943201880604
2024-01-31,141.29232788085938,141.8000030517578,145.58999633789062,141.5500030517578,145.38999938964844,43908600,-7.350538892962666,58.594467142538385
2024-02-01,142.19908142089844,142.7100067138672,144.6199951171875,142.25999450683594,143.69000244140625,25526900,0.6417515109482963,53.95960856580551
2024-02-02,143.0260772705078,143.5399932861328,143.8800048828125,138.1699981689453,140.88999938964844,42116900,0.5815896105517915,54.916282401339416
2024-02-05,144.41110229492188,144.92999267578125,146.6699981689453,143.91000366210938,144.0399932861328,29254400,0.9683708058127127,55.60564892671793
2024-02-06,144.88938903808594,145.41000366210938,146.74000549316406,144.52000427246094,145.9600067138672,21517700,0.33120196687095316,56.77592562517891
2024-02-07,146.15484619140625,146.67999267578125,147.0,145.2100067138672,146.1199951171875,21436100,0.8733848990355231,3.9952096564148603
2024-02-08,146.6929168701172,147.22000122070312,147.61000061035156,146.4199981689453,146.97000122070312,18241300,0.36815419408664507,4.585569608267159
2024-02-09,149.6821746826172,150.22000122070312,150.69500732421875,147.42999267578125,147.9499969482422,21877700,2.037766590901313,10.955258121136447
2024-02-12,148.197509765625,148.72999572753906,150.58999633789062,148.55999755859375,149.5399932861328,17236100,-0.99188222677149,17.340523306878147
2024-02-13,145.845947265625,146.3699951171875,148.0399932861328,145.11000061035156,146.07000732421875,18138500,-1.5867684247600544,23.078597715561006
2024-02-14,146.6132049560547,147.13999938964844,147.8300018310547,145.55499267578125,147.3699951171875,16651800,0.5260670206653106,22.50805887594111
2024-02-15,143.42466735839844,143.94000244140625,144.75999450683594,141.8800048828125,144.4600067138672,26724300,-2.1747974456409525,27.151633591231064
2024-02-16,141.25245666503906,141.75999450683594,144.47999572753906,141.52000427246094,144.2100067138672,21849700,-1.5145254255902407,16.282099808277586
2024-02-20,141.69088745117188,142.1999969482422,143.32899475097656,140.8000030517578,140.94000244140625,18625600,0.3103854814166418,19.397408558009055
2024-02-21,143.32501220703125,143.83999633789062,143.97999572753906,141.91000366210938,142.63999938964844,16499600,1.153304799468713,22.658078554453112
2024-02-22,144.7997283935547,145.32000732421875,146.1999969482422,144.00999450683594,146.1199951171875,23024700,1.02892868743647,24.10398638121812
2024-02-23,144.76980590820312,145.2899932861328,145.9550018310547,144.7899932861328,144.97000122070312,14519400,-0.020653754867339114,17.016148896503868
2024-02-26,138.2532501220703,138.75,143.83999633789062,138.74000549316406,143.4499969482422,33513000,-4.5013377302957185,37.164612091480244
2024-02-27,139.59841918945312,140.10000610351562,140.49000549316406,138.5,139.41000366210938,22364000,0.9729773719031609,38.25092808043572
2024-02-28,136.93797302246094,137.42999267578125,139.27999877929688,136.63999938964844,139.10000610351562,30628700,-1.9057910859486937,37.21396572146882
2024-02-29,139.27955627441406,139.77999877929688,139.9499969482422,137.57000732421875,138.35000610351562,35485000,1.709965967224969,39.65483521881921
2024-03-01,137.58566284179688,138.0800018310547,140.0,137.97500610351562,139.61000061035156,28522000,-1.2161947081759328,39.17692812506916
2024-03-04,133.7195281982422,134.1999969482422,136.6300048828125,132.86000061035156,136.5399932861328,43571500,-2.8099687365008896,30.500696448294754
2024-03-05,133.30104064941406,133.77999877929688,134.02000427246094,131.5500030517578,132.74000549316406,28447600,-0.3129643654964487,27.398894976617036
2024-03-06,132.08538818359375,132.55999755859375,134.74000549316406,131.9499969482422,134.24000549316406,23175200,-0.9119459050943912,25.9885871755799
2024-03-07,134.7558135986328,135.24000549316406,135.82000732421875,132.66000366210938,133.88999938964844,24107300,2.0217320337424516,27.844172760466964
2024-03-08,135.8020477294922,136.2899932861328,138.98500061035156,134.8000030517578,135.03500366210938,26472400,0.7763884577938862,28.848158203936475
2024-03-11,138.44256591796875,138.94000244140625,139.97999572753906,137.07000732421875,137.07000732421875,22536400,1.9443901135939523,20.888285814748276
2024-03-12,139.1201171875,139.6199951171875,140.27999877929688,138.2100067138672,138.25,19019700,0.48941461338178893,19.13118624185393
2024-03-13,140.26602172851562,140.77000427246094,142.19000244140625,140.00999450683594,140.05999755859375,19637000,0.8236708175703544,11.377559954729723
2024-03-14,143.82322692871094,144.33999633789062,144.72999572753906,141.48500061035156,142.3000030517578,36117900,2.5360460020445563,13.975378989911508
2024-03-15,141.66099548339844,142.1699981689453,144.33999633789062,141.1300048828125,143.41000366210938,41025900,-1.5033935319393343,24.732278141278318
2024-03-18,147.9484100341797,148.47999572753906,152.92999267578125,148.13999938964844,149.3699951171875,47676700,4.438346795992332,35.58851087931554
2024-03-19,147.3904266357422,147.9199981689453,149.6199951171875,147.00999450683594,148.97999572753906,17748400,-0.37715353900019677,37.40453271996832
2024-03-20,149.14410400390625,149.67999267578125,149.75999450683594,147.6649932861328,148.7899932861328,17730000,1.1898286429302019,37.27271231712378
2024-03-21,148.20748901367188,148.74000549316406,151.30499267578125,148.00999450683594,150.32000732421875,19843900,-0.6279978812220199,37.199406883473024
2024-03-22,151.22662353515625,151.77000427246094,152.55999755859375,150.08999633789062,150.24000549316406,19226300,2.0371108426751716,32.658286255384134
2024-03-25,150.60882568359375,151.14999389648438,151.45599365234375,148.8000030517578,150.9499969482422,15114700,-0.40851970647869384,18.80214473917472
2024-03-26,151.15687561035156,151.6999969482422,153.1999969482422,151.02999877929688,151.24000549316406,19312700,0.3638789771533091,17.666943338071768
2024-03-27,151.39602661132812,151.94000244140625,152.69000244140625,150.1300048828125,152.14500427246094,16622000,0.15821061172858197,16.658433868499756
2024-03-28,151.71487426757812,152.25999450683594,152.6699981689453,151.3300018310547,152.0,21105600,0.21060422554164404,14.642820779082747
2024-04-01,155.939697265625,156.5,157.0,151.64999389648438,151.8300018310547,24469800,2.7847140720694608,19.748098846210038
2024-04-02,155.31195068359375,155.8699951171875,155.99000549316406,153.4600067138672,154.75,17598100,-0.4025590305511195,19.728542746358805
2024-04-03,155.81016540527344,156.3699951171875,156.5500030517578,154.1320037841797,154.9199981689453,17266200,0.3207801473427141,19.76653731992151
2024-04-04,151.39602661132812,151.94000244140625,156.17999267578125,151.8800048828125,155.0800018310547,24184800,-2.8330196419468434,31.83684288189326
2024-04-05,153.3888702392578,153.94000244140625,154.83999633789062,151.08099365234375,151.67999267578125,16289800,1.3163090482187334,33.20090814337251
2024-04-08,155.58099365234375,156.13999938964844,156.65499877929688,153.99000549316406,154.01499938964844,16641500,1.429126226680144,27.564436752256288
2024-04-09,157.5738067626953,158.13999938964844,159.88999938964844,156.63999938964844,157.35000610351562,21538100,1.2809017598424566,28.71288036658647
2024-04-10,157.09555053710938,157.66000366210938,158.16000366210938,156.1999969482422,157.8800048828125,16339200,-0.3035258185099532,29.02861466472025
2024-04-11,160.21432495117188,160.7899932861328,161.1199951171875,157.92999267578125,158.33999633789062,17841700,1.9852781627047955,13.592836539615458
2024-04-12,158.6200714111328,159.19000244140625,161.6999969482422,158.60000610351562,159.40499877929688,16968200,-0.9950811067448107,20.078650998621452
2024-04-15,155.77029418945312,156.3300018310547,160.8300018310547,156.14999389648438,160.27999877929688,21140900,-1.79659561937896,24.956652792395154
2024-04-16,155.4414825439453,156.0,157.22999572753906,155.0500030517578,155.63999938964844,15413200,-0.2110930897393115,22.37537420635483
2024-04-17,156.31834411621094,156.8800048828125,158.68099975585938,156.13499450683594,157.19000244140625,16237800,0.5641056941105838,23.1149070622723
2024-04-18,156.89627075195312,157.4600067138672,158.48500061035156,156.2100067138672,156.9250030517578,14016100,0.3697104876354107,15.59683479518588
2024-04-19,155.16249084472656,155.72000122070312,157.99000549316406,153.91000366210938,157.75,20063900,-1.1050459919806577,15.87213971421223
2024-04-22,157.38449096679688,157.9499969482422,159.18499755859375,155.66000366210938,156.00999450683594,17243900,1.4320547842652909,14.95699954703888
2024-04-23,159.3474578857422,159.9199981689453,160.47999572753906,157.96499633789062,158.58999633789062,16115400,1.2472309330582965,15.922702620830792
2024-04-24,160.52322387695312,161.10000610351562,161.38999938964844,158.82000732421875,159.08999633789062,19485700,0.7378739045029947,16.01320114681367
2024-04-25,157.38449096679688,157.9499969482422,158.27999877929688,152.76800537109375,153.36000061035156,36197800,-1.955312871465309,24.035254598816305
2024-04-26,173.06814575195312,173.69000244140625,176.4199981689453,171.39999389648438,175.99000549316406,56500800,9.965182524392091,71.50736135528919
2024-04-29,167.29885864257812,167.89999389648438,171.3800048828125,167.05999755859375,170.77000427246094,35914600,-3.3335301189111988,82.28203546752098
2024-04-30,164.05055236816406,164.63999938964844,169.8699951171875,164.5,167.3800048828125,29420800,-1.9416287226584616,85.53957068941382
2024-05-01,164.97723388671875,165.57000732421875,168.80999755859375,164.89999389648438,166.17999267578125,25223200,0.5648736261042453,85.54286342892712
2024-05-02,167.8568878173828,168.4600067138672,168.52999877929688,165.69000244140625,166.6699981689453,17041100,1.7454848473789308,82.39157757811692
2024-05-03,168.38497924804688,168.99000549316406,169.85000610351562,164.97999572753906,169.5399932861328,22767100,0.31461400817649476,32.67067547421513
2024-05-06,169.2219696044922,169.8300018310547,169.89999389648438,167.88999938964844,169.22000122070312,15147900,0.49706864937915096,21.302480837949993
2024-05-07,172.36068725585938,172.97999572753906,173.47000122070312,170.0,170.1199951171875,21102400,1.8547923585480186,11.768405457567097
2024-05-08,170.54721069335938,171.16000366210938,171.90899658203125,170.52200317382812,170.75,14569900,-1.0521401956191223,18.920576487855687
2024-05-09,170.9656982421875,171.5800018310547,172.44000244140625,169.92999267578125,171.14999389648438,11937700,0.24538336057438048,16.385798112184318
2024-05-10,169.6802978515625,170.2899932861328,171.33999633789062,167.91000366210938,169.69000244140625,18740500,-0.7518408504226914,18.262507506809555
2024-05-13,170.2881317138672,170.89999389648438,170.9499969482422,165.75999450683594,165.8470001220703,19648600,0.3582128336376167,18.126501874513362
2024-05-14,171.31443786621094,171.92999267578125,172.77999877929688,170.4199981689453,171.58999633789062,18729500,0.6026909397789382,11.645284734123168
2024-05-15,173.25746154785156,173.8800048828125,174.04600524902344,172.02999877929688,172.3000030517578,20958200,1.1341896644575078,10.936901788050656
2024-05-16,174.80191040039062,175.42999267578125,176.33999633789062,174.0500030517578,174.60000610351562,17247300,0.8914123242711902,11.608689455135488
2024-05-17,176.65525817871094,177.2899932861328,177.4949951171875,174.97999572753906,175.5500030517578,16546400,1.0602523445287337,5.152737421900958
2024-05-20,177.8210906982422,178.4600067138672,179.9499969482422,177.22500610351562,177.30999755859375,17495100,0.6599432974460528,3.740022903043865
2024-05-21,178.89720153808594,179.5399932861328,179.82000732421875,177.30999755859375,178.39999389648438,14706000,0.6051700838480834,3.7288973706228803
2024-05-22,177.3627166748047,178.0,178.8520050048828,176.77999877929688,178.39999389648438,16189400,-0.8577438697340956,12.150022710313833
2024-05-23,174.43324279785156,175.05999755859375,179.91000366210938,174.5399932861328,178.77999877929688,14928400,-1.6516867648349698,18.41529939248442
2024-05-24,175.69869995117188,176.3300018310547,177.3040008544922,175.1999969482422,176.52000427246094,11400600,0.7254680053539131,17.277001911433846
2024-05-28,177.3826446533203,178.02000427246094,178.50999450683594,175.67999267578125,175.74000549316406,15655300,0.9584315906861152,18.212854934599815
2024-05-29,176.76486206054688,177.39999389648438,178.22999572753906,176.25999450683594,176.80999755859375,15023800,-0.3482812948524816,17.30689315175379
2024-05-30,172.93861389160156,173.55999755859375,176.69000244140625,173.22999572753906,176.69000244140625,18844000,-2.1645977846714737,22.094963488383524
2024-05-31,173.33717346191406,173.9600067138672,174.4199981689453,170.97000122070312,173.39999389648438,28085200,0.23047312796740105,19.81637500884127
2024-06-03,173.7955322265625,174.4199981689453,175.86000061035156,172.4499969482422,173.8800048828125,20742800,0.26442368206776035,18.822981007322596
2024-06-04,174.50299072265625,175.1300048828125,175.19000244140625,173.22000122070312,174.4499969482422,14066600,0.407067263685823,16.98000225651331
2024-06-05,176.43605041503906,177.07000732421875,177.97000122070312,175.2899932861328,176.53500366210938,15233900,1.1077498928321328,19.758082832346396
2024-06-06,177.7114715576172,178.35000610351562,178.7100067138672,177.2100067138672,177.42999267578125,14255800,0.7228772385789561,5.859563907110677
2024-06-07,175.32005310058594,175.9499969482422,179.4199981689453,175.7899932861328,178.4600067138672,14716300,-1.3456737163667132,14.909894380451131
2024-06-10,176.19790649414062,176.6300048828125,178.47000122070312,174.3800048828125,176.4499969482422,17122200,0.38647794621464726,14.952101736991802
2024-06-11,177.75408935546875,178.19000244140625,178.38999938964844,175.44000244140625,177.72000122070312,14402400,0.8832007674057119,15.622808614078512
2024-06-12,179.1207275390625,179.55999755859375,182.0800018310547,177.77999877929688,179.75,18600400,0.7688394962775735,14.749328558568937
2024-06-13,176.30764770507812,176.74000549316406,178.50999450683594,176.66000366210938,177.83999633789062,15956900,-1.5705012830095844,18.856247210842813
2024-06-14,177.9336395263672,178.3699951171875,178.72999572753906,175.8520050048828,175.8520050048828,12361600,0.9222527856526996,16.745494347645703
2024-06-17,178.34263610839844,178.77999877929688,179.9199981689453,176.49000549316406,176.97999572753906,15272900,0.22986134065878794,16.718499471579364
2024-06-18,176.01834106445312,176.4499969482422,178.91000366210938,175.6199951171875,178.7899932861328,15640300,-1.3032788046559163,18.577133717802123
2024-06-20,177.2752685546875,177.7100067138672,178.74000549316406,176.4600067138672,176.7100067138672,16753200,0.7140888565697168,18.40224025980309
2024-06-21,179.81900024414062,180.25999450683594,182.51199340820312,178.05999755859375,178.49000549316406,59728000,1.4349151407520466,16.59731619674877
2024-06-24,180.34771728515625,180.7899932861328,182.0800018310547,180.22999572753906,181.27999877929688,18198300,0.29401908102064667,15.937008861928101
2024-06-25,185.12600708007812,185.5800018310547,185.75,181.10499572753906,181.14500427246094,18917700,2.6494876502046294,23.14361742925688
2024-06-26,184.91650390625,185.3699951171875,185.92999267578125,183.99000549316406,184.1999969482422,13375700,-0.11316236221312614,17.26085411230756
2024-06-27,186.4028778076172,186.86000061035156,187.5,185.4499969482422,185.64500427246094,13025700,0.8038007943098391,17.1801498415805
2024-06-28,182.97128295898438,183.4199981689453,186.5800018310547,183.3249969482422,185.72000122070312,23032400,-1.8409517447126045,25.733267975176318
2024-07-01,184.03868103027344,184.49000549316406,185.33999633789062,182.72999572753906,184.47999572753906,11815900,0.5833645921385244,25.769453600414398
2024-07-02,186.1534881591797,186.61000061035156,186.9499969482422,183.05999755859375,183.47000122070312,12555500,1.149111092235322,18.85159252128682
2024-07-03,186.93157958984375,187.38999938964844,187.6199951171875,185.38499450683594,186.3000030517578,7409100,0.4179833753527262,18.821150030306367
2024-07-05,191.4904022216797,191.9600067138672,192.25999450683594,187.32000732421875,187.32000732421875,14303400,2.4387679914103177,24.67141871292355
2024-07-08,190.01400756835938,190.47999572753906,191.6790008544922,189.32000732421875,191.36500549316406,12097600,-0.770999653346649,18.54965000949873
2024-07-09,189.97410583496094,190.44000244140625,192.86000061035156,190.22999572753906,191.75,10198500,-0.020996055769562094,19.39655883768307
2024-07-10,192.18869018554688,192.66000366210938,193.30999755859375,190.6199951171875,190.75,12052900,1.1657221131291307,19.42421582853934
2024-07-11,186.841796875,187.3000030517578,192.41000366210938,186.82000732421875,191.33999633789062,16452000,-2.7821034508812903,31.39110532727593
2024-07-12,186.3230743408203,186.77999877929688,188.69000244140625,186.13999938964844,186.9199981689453,14449100,-0.2776317479916135,22.905599768531616
2024-07-15,187.7296142578125,188.19000244140625,189.89999389648438,186.49000549316406,186.49000549316406,12186000,0.7549007770234928,24.434927153816545
2024-07-16,185.04620361328125,185.5,190.33999633789062,185.1199951171875,188.9600067138672,12760100,-1.4294077296926555,25.682517551372204
2024-07-17,182.17323303222656,182.6199951171875,185.22999572753906,181.6199951171875,184.67999267578125,17376600,-1.5525632791442034,21.372669831263696
2024-07-18,178.7815704345703,179.22000122070312,184.0500030517578,178.2100067138672,183.5399932861328,17877200,-1.8617862158536336,17.305430484087918
2024-07-19,178.95114135742188,179.38999938964844,181.97000122070312,178.86000061035156,180.3699951171875,14485900,0.09485446255297347,18.28735260038842
2024-07-22,182.90145874023438,183.35000610351562,184.3000030517578,181.89999389648438,182.35000610351562,16303900,2.207484657640113,26.92839213515072
2024-07-23,183.15086364746094,183.60000610351562,185.22000122070312,183.3300018310547,183.83999633789062,23772600,0.13635123625730383,25.82584849658999
2024-07-24,173.94342041015625,174.3699951171875,177.9499969482422,173.57000732421875,175.38999938964844,31250700,-5.027238932183997,43.24081670718108
2024-07-25,168.74618530273438,169.16000366210938,175.1999969482422,169.0500030517578,174.25,28967900,-2.9878944778180982,45.51437536566039
2024-07-26,168.267333984375,168.67999267578125,169.83999633789062,165.86500549316406,168.77000427246094,25150100,-0.28376151332257793,44.95611850158783
2024-07-29,170.71136474609375,171.1300048828125,172.16000366210938,169.72000122070312,170.5,13768900,1.45246165129993,41.550869804338944
2024-07-30,171.43955993652344,171.86000061035156,172.9499969482422,170.1199951171875,171.8300018310547,13681400,0.4265737782447543,42.24666776076969
2024-07-31,172.72640991210938,173.14999389648438,175.91000366210938,171.72000122070312,174.9199981689453,15650200,0.750607053154595,27.242962018688658
2024-08-01,172.0281219482422,172.4499969482422,175.67999267578125,170.50999450683594,171.97999572753906,17177800,-0.40427200283973397,12.154650408454357
2024-08-02,167.98802185058594,168.39999389648438,170.2100067138672,166.38999938964844,168.19000244140625,18907800,-2.34850862477739,23.182919808280598
2024-08-05,160.2470245361328,160.63999938964844,165.94000244140625,156.60000610351562,157.3699951171875,34907800,-4.608072914542982,35.50630906016916
2024-08-06,160.14724731445312,160.5399932861328,162.35000610351562,158.1300048828125,160.94500732421875,36146500,-0.0622547957517372,34.209561254604445
2024-08-07,160.3567352294922,160.75,164.7899932861328,160.24000549316406,163.24000549316406,19334200,0.13081270876402762,32.04403904334705
2024-08-08,163.43917846679688,163.83999633789062,165.5,162.02999877929688,162.343994140625,15733600,1.922237224193224,40.10788376502759
2024-08-09,164.9853973388672,165.38999938964844,165.52000427246094,160.92999267578125,161.64500427246094,13549200,0.9460468056659455,39.91319901888923
2024-08-12,163.54891967773438,163.9499969482422,166.6999969482422,163.5500030517578,165.9949951171875,12435000,-0.8706708064093349,16.86595145227719
2024-08-13,165.52406311035156,165.92999267578125,166.5399932861328,164.77000427246094,165.18499755859375,12717600,1.2076826864255041,17.019355668834237
2024-08-14,161.6336212158203,162.02999877929688,164.9600067138672,159.52999877929688,164.2100067138672,22515900,-2.350385143513367,27.706248257065095
2024-08-15,162.7708282470703,163.1699981689453,163.52000427246094,161.49000549316406,162.2100067138672,18392500,0.7035730409411745,23.949513530579715
2024-08-16,164.33700561523438,164.74000549316406,166.9499969482422,163.0800018310547,163.41000366210938,16853100,0.9621911759741364,23.99301487887225
2024-08-19,167.98802185058594,168.39999389648438,168.47000122070312,166.08999633789062,167.0,13100800,2.2216755379871556,27.303184783029256
2024-08-20,168.5466766357422,168.9600067138672,170.41000366210938,168.66000366210938,168.74000549316406,12622500,0.3325491910213696,26.672580218712877
2024-08-21,167.2199249267578,167.6300048828125,168.63999938964844,166.57000732421875,166.99000549316406,15269600,-0.7871696130475669,17.262467747080237
2024-08-22,165.0851593017578,165.49000549316406,169.4199981689453,165.02999877929688,169.0399932861328,19123800,-1.2766207285768938,22.166997176156276
2024-08-23,167.02040100097656,167.42999267578125,167.9499969482422,165.66000366210938,166.5500030517578,14281600,1.1722684864478472,22.613687612407684
2024-08-26,167.51918029785156,167.92999267578125,169.3800048828125,166.32000732421875,168.15499877929688,11990300,0.29863227729347575,15.492545110621856
2024-08-27,165.9729766845703,166.3800048828125,168.2449951171875,166.16000366210938,167.61000061035156,13718200,-0.9229964036033045,16.081768552441908
2024-08-28,164.09756469726562,164.5,167.38999938964844,163.27999877929688,166.77999877929688,15208700,-1.1299464043991625,16.895225565360843
2024-08-29,163.00025939941406,163.39999389648438,167.6300048828125,161.98199462890625,166.05999755859375,17133800,-0.6686967194623805,15.321946564425497
2024-08-30,164.70608520507812,165.11000061035156,165.27999877929688,163.41000366210938,164.22000122070312,18498800,1.046515775851553,14.595242352386927
2024-09-03,158.22198486328125,158.61000061035156,163.3800048828125,157.85499572753906,163.31500244140625,26533100,-3.936769411890173,28.475318837299803
2024-09-04,157.4239501953125,157.80999755859375,160.39999389648438,157.44000244140625,158.0749969482422,17410700,-0.5043837391584982,28.813055380322545
2024-09-05,158.21202087402344,158.60000610351562,161.01499938964844,157.52000427246094,157.77999877929688,14139500,0.5006074121689075,30.74793256481826
2024-09-06,151.75784301757812,152.1300048828125,159.22000122070312,151.93499755859375,158.69000244140625,24999100,-4.079445757700828,38.896078922268636
2024-09-09,149.3705291748047,149.5399932861328,154.63999938964844,148.1999969482422,153.6300048828125,28057700,-1.702498858574808,32.375999883894146
2024-09-10,149.83999633789062,150.00999450683594,152.3000030517578,149.54299926757812,151.4499969482422,20401800,0.3142980084289704,29.86441787959262
2024-09-11,151.97756958007812,152.14999389648438,152.47999572753906,148.6999969482422,151.08999633789062,18991500,1.4265712072610626,34.976096227291144
2024-09-12,155.36373901367188,155.5399932861328,155.61000061035156,153.5,154.80999755859375,21024100,2.228064098349436,40.45752820980462
2024-09-13,158.19053649902344,158.3699951171875,159.27499389648438,156.11000061035156,156.36199951171875,16733900,1.819468916813305,25.059868509040417
2024-09-16,158.80984497070312,158.99000549316406,159.24000549316406,157.61000061035156,158.3300018310547,14157600,0.391494850724583,13.571701689098308
2024-09-17,160.09837341308594,160.27999877929688,161.58999633789062,159.41000366210938,160.08999633789062,12064800,0.8113675335323478,11.786357215792085
2024-09-18,160.6277618408203,160.80999755859375,161.6300048828125,159.66000366210938,160.85000610351562,16756500,0.3306705660927056,13.669614720638927
2024-09-19,163.05502319335938,163.24000549316406,164.99000549316406,162.52200317382812,164.82000732421875,17548200,1.5111050130355963,10.59832027405676
2024-09-20,164.45343017578125,164.63999938964844,164.75,163.17999267578125,164.52000427246094,46362700,0.8576291652618195,7.506296390620416
2024-09-23,162.88522338867188,163.07000732421875,166.61000061035156,162.9499969482422,165.33999633789062,15648400,-0.9535909081936023,14.609996077058527
2024-09-24,163.45455932617188,163.63999938964844,164.5500030517578,162.02999877929688,164.25,18774100,0.3495382595380736,14.378750546558337
2024-09-25,162.8052978515625,162.99000549316406,164.2169952392578,162.77499389648438,162.97000122070312,13607900,-0.39720966689608117,15.542145299882806
2024-09-26,163.64434814453125,163.8300018310547,165.5,163.5,165.02999877929688,18234500,0.5153667768456272,11.672842171466788
2024-09-27,165.10269165039062,165.2899932861328,166.97000122070312,163.8300018310547,163.91000366210938,13604300,0.8911624481233282,11.816151581179247
2024-09-30,167.00054931640625,167.19000244140625,167.36000061035156,164.63999938964844,164.77999877929688,14070100,1.1495004128800002,9.400553754209374
2024-10-01,168.22914123535156,168.4199981689453,170.44000244140625,165.89999389648438,168.86000061035156,18629500,0.7356873674130959,9.40657187321961
2024-10-02,167.1204071044922,167.30999755859375,168.8800048828125,166.25,167.75999450683594,12745000,-0.659066988730217,11.142051774476387
2024-10-03,167.02052307128906,167.2100067138672,167.91000366210938,165.3699951171875,165.82000732421875,11004300,-0.059763819368618964,11.900644831715038
2024-10-04,168.36898803710938,168.55999755859375,169.5500030517578,166.9600067138672,169.33999633789062,11422100,0.8073624726519402,11.701053833551581
2024-10-07,164.20370483398438,164.38999938964844,169.89999389648438,164.1300048828125,169.13999938964844,14034700,-2.4738954848974593,21.308065568877282
2024-10-08,165.51222229003906,165.6999969482422,166.10000610351562,164.30999755859375,165.42999267578125,11723900,0.7968839731477217,21.50439911326666
2024-10-09,162.87521362304688,163.05999755859375,166.25999450683594,161.1199951171875,164.85499572753906,19666400,-1.5932404576163406,23.37955570914421
2024-10-10,162.9950714111328,163.17999267578125,164.31100463867188,161.63999938964844,162.11000061035156,12900500,0.07358954923593064,23.557867055762213
2024-10-11,164.3335723876953,164.52000427246094,165.27000427246094,162.5,163.3300018310547,10946000,0.8211862095999223,23.605535795067016
2024-10-14,166.1614990234375,166.35000610351562,167.6199951171875,164.77999877929688,164.91000366210938,9981800,1.1123278528634373,17.3847478228114
2024-10-15,166.7108612060547,166.89999389648438,169.08999633789062,166.0500030517578,167.13999938964844,14829300,0.3306208432757751,16.75100883903016
2024-10-16,166.55105590820312,166.74000549316406,167.27999877929688,165.21600341796875,166.02999877929688,9968500,-0.09585884312227622,8.05677113622373
2024-10-17,164.32357788085938,164.50999450683594,167.92999267578125,164.3699951171875,167.3800048828125,15113400,-1.337418083760078,15.227826435854562
2024-10-18,164.8629608154297,165.0500030517578,166.3699951171875,164.75,164.8699951171875,13091300,0.3282527280732639,14.26360243059866
2024-10-21,165.61212158203125,165.8000030517578,166.22000122070312,164.30499267578125,164.5800018310547,11384000,0.4544077468237262,11.775373005174865
2024-10-22,166.63096618652344,166.82000732421875,167.47000122070312,164.6699981689453,164.6999969482422,11958600,0.6152016005346761,12.525616614435213
2024-10-23,164.29360961914062,164.47999572753906,167.60000610351562,163.63299560546875,166.42999267578125,12754300,-1.402716397279502,16.049493777256156
2024-10-24,164.3435516357422,164.52999877929688,165.0500030517578,162.77000427246094,164.58999633789062,12764400,0.030400688872012083,12.947985274578746
2024-10-25,166.80076599121094,166.99000549316406,167.39999389648438,165.22999572753906,165.36500549316406,14566400,1.495172146185375,16.846139864774695
2024-10-28,168.14923095703125,168.33999633789062,170.6060028076172,165.7899932861328,170.58999633789062,20858300,0.8084261334920573,17.31300567298263
2024-10-29,170.94606018066406,171.13999938964844,171.86000061035156,168.66000366210938,169.38499450683594,28916100,1.6633023123855173,19.887265296768643
2024-10-30,175.94039916992188,176.13999938964844,183.7899932861328,175.7449951171875,182.41000366210938,49698300,2.9215846779431676,17.056883153603533
2024-10-31,172.4943084716797,172.69000244140625,178.4199981689453,172.55999755859375,174.72000122070312,32801900,-1.9586675145889298,28.801495882465698
2024-11-01,172.454345703125,172.64999389648438,173.82000732421875,170.30999755859375,171.5399932861328,21752900,-0.023167840845594867,29.125572958706936
2024-11-04,170.486572265625,170.67999267578125,171.9199981689453,169.48500061035156,171.24000549316406,16194000,-1.1410375269890083,31.76252244493995
2024-11-05,171.21575927734375,171.41000366210938,172.0970001220703,170.3699951171875,170.8300018310547,12518300,0.4277074160149663,29.535991927861254
2024-11-06,178.12791442871094,178.3300018310547,178.63999938964844,175.0399932861328,175.35000610351562,27061500,4.037102865120001,36.59741678624508
2024-11-07,182.0734405517578,182.27999877929688,182.5800018310547,178.88999938964844,179.11000061035156,16730400,2.214992938756488,32.344155268511315
2024-11-08,179.65618896484375,179.86000061035156,182.35000610351562,179.57000732421875,182.0,15021500,-1.327626829686035,36.29083012215284
2024-11-11,181.7637939453125,181.97000122070312,182.0850067138672,179.99000549316406,180.07000732421875,12503400,1.1731349956584758,31.759161768172163
2024-11-12,183.11227416992188,183.32000732421875,184.02499389648438,180.99000549316406,181.3800048828125,14065800,0.7418838789137849,31.28718597650888
2024-11-13,180.2854766845703,180.49000549316406,182.61500549316406,180.1199951171875,182.14999389648438,13969700,-1.5437495734164752,25.916992839805268
2024-11-14,177.14903259277344,177.35000610351562,180.44500732421875,176.02999877929688,179.75,17925800,-1.7397081800007874,21.94650517724424
2024-11-15,173.6929473876953,173.88999938964844,175.8800048828125,172.7449951171875,175.63999938964844,21708900,-1.950948178624623,23.730819560673073
2024-11-18,176.5996551513672,176.8000030517578,176.91000366210938,174.4199981689453,174.9550018310547,18725400,1.6734738468706878,26.297891441498944
2024-11-19,179.37649536132812,179.5800018310547,180.1699981689453,175.11599731445312,175.23500061035156,15392900,1.572397472461029,29.376462691401553
2024-11-20,177.12904357910156,177.3300018310547,179.11000061035156,175.3300018310547,178.8300018310547,15729800,-1.2529234753637875,28.727055104824636
2024-11-21,169.0482177734375,169.24000549316406,175.5800018310547,165.30999755859375,175.4550018310547,38839400,-4.56211371699985,41.52902930220737
2024-11-22,166.38125610351562,166.57000732421875,168.26499938964844,165.7100067138672,167.16000366210938,24497000,-1.577640086435217,41.01755630509081
2024-11-25,169.2379913330078,169.42999267578125,170.4600067138672,167.39999389648438,167.99000549316406,21395700,1.7169869879369637,41.18564719958245
2024-11-26,170.42665100097656,170.6199951171875,171.4949951171875,169.42999267578125,169.49000549316406,14937500,0.7023564261632309,38.367560722051266
2024-11-27,170.62643432617188,170.82000732421875,171.13999938964844,169.6699981689453,170.67999267578125,12433400,0.11722671008980168,39.01411357250932
2024-11-29,170.2967987060547,170.49000549316406,170.8699951171875,168.75,170.05999755859375,9250700,-0.193186873261475,19.22075792288765
2024-12-02,172.7839813232422,172.97999572753906,173.60000610351562,170.27000427246094,170.32000732421875,16593400,1.4604904417548692,13.118226537373106
2024-12-03,172.82394409179688,173.02000427246094,174.32000732421875,172.50999450683594,173.1199951171875,15721500,0.0231290009885754,10.611909168303677
2024-12-04,175.8904571533203,176.08999633789062,176.42999267578125,172.75,172.77999877929688,18239800,1.7743567157675333,14.436045519259114
2024-12-05,174.1124725341797,174.30999755859375,177.7100067138672,174.00999450683594,177.32000732421875,16145500,-1.010846053901504,18.609946628441268
2024-12-06,176.29000854492188,176.49000549316406,176.83900451660156,173.5500030517578,173.8800048828125,13319500,1.2506499713750063,18.480257451952884
2024-12-09,177.10000610351562,177.10000610351562,178.0399932861328,175.39999389648438,175.71499633789062,19887800,0.3456289825857439,17.241591892022967
2024-12-10,186.52999877929688,186.52999877929688,188.02999877929688,182.6699981689453,184.53500366210938,34317400,5.324671005527448,37.56231149476817
2024-12-11,196.7100067138672,196.7100067138672,196.88999938964844,186.25999450683594,186.6999969482422,41664500,5.457571436868625,46.95594717563713
2024-12-12,193.6300048828125,193.6300048828125,196.7050018310547,193.27999877929688,196.3000030517578,25197800,-1.565757575075899,49.497683200469304
2024-12-13,191.3800048828125,191.3800048828125,194.33999633789062,191.25999450683594,192.7100067138672,18883200,-1.1620099898059344,54.96007140488153
2024-12-16,198.16000366210938,198.16000366210938,200.63999938964844,194.11000061035156,194.36500549316406,32248600,3.5426892080227868,54.75605113052239
2024-12-17,197.1199951171875,197.1199951171875,202.8800048828125,196.69000244140625,198.52999877929688,24129500,-0.5248327239109396,50.07767322997965
2024-12-18,190.14999389648438,190.14999389648438,198.69000244140625,189.27999877929688,196.8300018310547,27638400,-3.535917914648623,41.26119794597255
2024-12-19,189.6999969482422,189.6999969482422,194.60000610351562,189.52000427246094,193.27999877929688,26981200,-0.23665367482849087,40.47245931414707
2024-12-20,192.9600067138672,192.9600067138672,194.13499450683594,186.3699951171875,187.00999450683594,45319700,1.718508074891778,42.1140755552066
2024-12-23,195.99000549316406,195.99000549316406,196.49000549316406,191.6300048828125,194.02999877929688,15235900,1.5702729445848052,33.72140515074889
2024-12-24,197.57000732421875,197.57000732421875,197.6699981689453,195.197998046875,196.1699981689453,6809800,0.80616449143871,34.23787987502204
2024-12-26,197.10000610351562,197.10000610351562,198.16000366210938,195.8699951171875,196.74000549316406,7907900,-0.23789097701041317,14.976117306405715
2024-12-27,194.0399932861328,194.0399932861328,196.8000030517578,191.9720001220703,196.47000122070312,14693000,-1.5525178704336118,21.69885301415445
2024-12-30,192.69000244140625,192.69000244140625,193.77999877929688,190.36000061035156,190.86500549316406,12209500,-0.6957281444221919,19.545949962943364
