Date,ORCL,RACE,TCS.NS
2020-01-03 00:00:00+00:00,-0.003521824628717529,-0.010563164425387628,0.019929090420689244
2020-01-06 00:00:00+00:00,0.005208381747325852,-0.0052779322651783644,-9.086005532366048e-05
2020-01-07 00:00:00+00:00,0.002220557547220281,-0.0037986425060442253,0.0024541101157511402
2020-01-08 00:00:00+00:00,-0.0005538917906461327,0.020094371389059562,0.022394949863654867
2020-01-09 00:00:00+00:00,0.004618510900921802,0.008128696039821692,-0.018135418398736336
2020-01-10 00:00:00+00:00,0.0012872323179349277,0.008239620188982277,-0.00036130186864846703
2020-01-13 00:00:00+00:00,0.002387531061408543,0.017395340435515383,-0.01048087942902276
2020-01-14 00:00:00+00:00,0.0054965047086139585,-0.01572086946998008,0.0075557805600159345
2020-01-15 00:00:00+00:00,-0.002186638925773532,0.00600407322048313,0.009062486240884793
2020-01-16 00:00:00+00:00,0.012235244780478993,0.004809374332184868,0.0053438174171414055
2020-01-17 00:00:00+00:00,-0.0054122178496999185,0.0030563333608457643,-0.008799334796417702
2020-01-22 00:00:00+00:00,-0.009054690129426168,-0.005914434771149724,0.016512679445126466
2020-01-23 00:00:00+00:00,0.00475143120857302,-0.0049676561610888514,-0.007227310651894969
2020-01-24 00:00:00+00:00,-0.016551470625477793,0.0012771463352996282,-0.0034460161100835496
2020-01-27 00:00:00+00:00,-0.025522490769448458,-0.02568409546333228,-0.00648067370918215
2020-01-28 00:00:00+00:00,0.014613787774390818,0.01904193329444115,0.006684337904805826
2020-01-29 00:00:00+00:00,-0.004863417994496744,0.008175146840784686,-0.013348552876359498
2020-01-30 00:00:00+00:00,0.0020676806160535577,-0.0009846404573129464,-0.00777406443925277
2020-01-31 00:00:00+00:00,-0.016132068808807687,-0.02121978486770071,-0.02750428989038478
2020-02-03 00:00:00+00:00,0.01220208542114376,0.008470516607874234,0.011279166263983287
2020-02-04 00:00:00+00:00,0.01789415634223057,-0.010102797184746715,0.0024970273483948535
2020-02-05 00:00:00+00:00,0.01295338177424643,-0.003856843892437123,0.018408278414482337
2020-02-06 00:00:00+00:00,-0.0005480926758163474,0.0054800937704733155,-0.008478698729531553
2020-02-07 00:00:00+00:00,0.00018282099063871016,-0.012085358459954287,0.003852726664144601
2020-02-10 00:00:00+00:00,0.004934218781806665,0.004737398482520971,0.0118882786563701
2020-02-11 00:00:00+00:00,0.0029096170672560095,0.02154581047209181,-0.003954785735669097
2020-02-12 00:00:00+00:00,0.010516736179694508,0.01536567870853367,0.008057071813445393
2020-02-13 00:00:00+00:00,-0.007536303111343234,-0.008516000832696657,0.009766187341644583
2020-02-14 00:00:00+00:00,0.0028927832840259793,0.005513301385307923,-0.0035356646696502736
2020-02-19 00:00:00+00:00,-0.00018038117390173358,0.008667803010036002,-0.008755456321223098
2020-02-20 00:00:00+00:00,0.0012626207892887376,-0.007588865350153018,-0.018007169654022492
2020-02-25 00:00:00+00:00,-0.032098810872314365,-0.009080378774453113,0.019287495120881015
2020-02-26 00:00:00+00:00,0.021389328339293634,-0.009968427125935042,-0.015096262394427296
2020-02-27 00:00:00+00:00,-0.024399624906419004,-0.023827377761254098,-0.008523307978854588
2020-02-28 00:00:00+00:00,-0.025994480633236727,0.010634913838526439,-0.05003560939726315
2020-03-02 00:00:00+00:00,0.02911448580795306,0.02193348154590935,0.0005749690773317884
2020-03-03 00:00:00+00:00,-0.04027510786449651,-0.02778990633180567,0.01743861564595761
2020-03-04 00:00:00+00:00,0.034595752184138684,0.02328851690660838,0.0230822125169734
2020-03-05 00:00:00+00:00,-0.05025723920687508,-0.03859584893970547,0.020089333063159742
2020-03-06 00:00:00+00:00,-0.013125022252400753,-0.013035927970679095,-0.004047009462667783
2020-03-09 00:00:00+00:00,-0.028710167638111295,-0.09495332923972366,-0.06808569959622701
2020-03-12 00:00:00+00:00,-0.11001793044148811,-0.09123314041873554,-0.09410348578637162
2020-03-13 00:00:00+00:00,0.20427138753673213,0.0945456786428025,0.020595007342427474
2020-03-16 00:00:00+00:00,-0.10870016798038806,-0.09108793622624023,-0.06084261830439652
2020-03-17 00:00:00+00:00,0.09691009530313632,0.056371735796890476,-0.022636184780370994
2020-03-18 00:00:00+00:00,0.008749463125733214,-0.018739459389181534,-0.0021712759866933107
2020-03-19 00:00:00+00:00,-0.04654116229394123,0.01976869702465578,-0.01091032915967094
2020-03-20 00:00:00+00:00,0.01286891135970647,0.02092173134015818,0.0984508069725436
2020-03-23 00:00:00+00:00,-0.03198253779558469,-0.07208367536958504,-0.07107291077379452
2020-03-24 00:00:00+00:00,0.08259790991875704,0.11930499573932196,0.020033583410426825
2020-03-25 00:00:00+00:00,-0.03971575083233203,0.0628492638989464,0.027684011236933426
2020-03-26 00:00:00+00:00,0.09882457664872102,0.02025181855530578,0.023224533628372068
2020-03-27 00:00:00+00:00,-0.012876341463469942,-0.04548921128424299,0.018733102399747237
2020-03-30 00:00:00+00:00,0.010636138065854395,0.028394284753028964,-0.025212386955330235
2020-03-31 00:00:00+00:00,-0.04030974493037642,-0.011147747985991052,0.026764113346043006
2020-04-01 00:00:00+00:00,0.007862554086927487,-0.0270040648764035,-0.06426262370891478
2020-04-08 00:00:00+00:00,0.026989810714805662,0.05140632850169591,-0.03929134853454419
2020-04-09 00:00:00+00:00,0.020141937762260476,0.019674039915392516,0.03559182326076371
2020-04-13 00:00:00+00:00,-0.003948835713944443,-0.023051421752112056,-0.003906816702251348
2020-04-16 00:00:00+00:00,0.010158030795284656,0.0245683718345866,-0.011007679634149947
2020-04-17 00:00:00+00:00,0.0171321816736405,0.04562536064092848,0.052533375938139226
2020-04-20 00:00:00+00:00,-0.012998884993719595,-0.026837745936143853,0.0068929651083811105
2020-04-21 00:00:00+00:00,-0.048228500862181,-0.02458442612188938,-0.04453853073028535
2020-04-22 00:00:00+00:00,0.018709784813460972,0.03179895899485485,0.01832933855404928
2020-04-23 00:00:00+00:00,-0.005739415236909351,-0.006328312700686789,0.06145803899406621
2020-04-24 00:00:00+00:00,0.02001148886669224,-0.004266960582823165,-0.031784880166045526
2020-04-27 00:00:00+00:00,0.006791183206005247,0.013751159658164092,0.009925449546711151
2020-04-28 00:00:00+00:00,-0.003185275854366787,-0.016656147568759883,0.012223714222268312
2020-04-29 00:00:00+00:00,0.012781960440299223,0.008918256025953752,0.025066552466036285
2020-04-30 00:00:00+00:00,-0.016889380649077634,-0.010365690828696317,0.05709334104580166
2020-05-05 00:00:00+00:00,0.005797086706484045,-0.01570684105429543,0.001191457373307614
2020-05-06 00:00:00+00:00,-0.0036503098846100146,-0.0021789051045854047,-0.015082149483410912
2020-05-07 00:00:00+00:00,0.01426914491053477,0.010147731933353388,-0.0062775537534858206
2020-05-08 00:00:00+00:00,0.018441088381026427,0.016467423435862605,0.0009251182710405814
2020-05-11 00:00:00+00:00,-0.0007467036728620036,0.0011259644715593264,0.02212951509125971
2020-05-12 00:00:00+00:00,-0.02353817205802955,-0.019618864915816436,0.007337338300835272
2020-05-13 00:00:00+00:00,-0.011861467887029242,-0.013702180263173491,7.69553290906888e-05
2020-05-14 00:00:00+00:00,0.02439493290047423,0.00032310063021867563,-0.02426078949340682
2020-05-15 00:00:00+00:00,0.00018896846649107957,0.016665602168737026,-0.004967514544196527
2020-05-18 00:00:00+00:00,0.004346246502112683,0.03411903639374869,0.027840852919946535
2020-05-19 00:00:00+00:00,-0.015239912512450715,-0.027709478121458853,0.001567664918995737
2020-05-20 00:00:00+00:00,0.010699300184532579,0.0034122798491804662,0.002540195063176265
2020-05-21 00:00:00+00:00,-0.012854447742182473,-0.00018892109430856951,0.019246506990081347
2020-05-22 00:00:00+00:00,0.0076598564119347845,0.010833971278759735,0.014639426039010806
2020-05-26 00:00:00+00:00,0.0030406661090818243,0.014332023386034454,-0.03828543396967876
2020-05-27 00:00:00+00:00,0.007957597448966292,0.0036245014271720777,0.03206384396712547
2020-05-28 00:00:00+00:00,0.007894702310566437,0.020322013977152054,-0.000498678489827209
2020-05-29 00:00:00+00:00,0.0027974921459708035,0.012118328891206342,-0.015940763590196028
2020-06-01 00:00:00+00:00,-0.013204371925389147,0.004386166824295268,0.03696099846195189
2020-06-02 00:00:00+00:00,0.004146200533583055,0.010386602521819999,0.0009289937240251067
2020-06-03 00:00:00+00:00,0.00394149594559523,0.029087059939562065,-0.0004884839841116095
2020-06-04 00:00:00+00:00,-0.01196491277365852,-0.012486502739982752,0.02218802329856695
2020-06-05 00:00:00+00:00,0.02138128856651833,-0.01804701011847376,-0.020702372793988677
2020-06-08 00:00:00+00:00,0.020748405731430664,0.010242902765480233,0.01147320883681191
2020-06-09 00:00:00+00:00,-0.016696881931447027,0.011065981087942767,0.00014482868498855161
2020-06-10 00:00:00+00:00,-0.0012919840241775171,0.006704476567383599,0.017711903818458108
2020-06-11 00:00:00+00:00,-0.05174642774860527,-0.05914162012075708,-0.01949026563426204
2020-06-12 00:00:00+00:00,0.01071914290274889,0.01572996678035299,-0.013614443292281342
2020-06-15 00:00:00+00:00,0.026802918883324978,0.01078085392324657,-0.004707024067633014
2020-06-16 00:00:00+00:00,0.02516432211432651,-5.8895150357507475e-05,0.007832910105339819
2020-06-17 00:00:00+00:00,-0.056237400370820145,0.0007071431166307818,0.0009776126465270707
2020-06-18 00:00:00+00:00,0.04211952930249452,-0.0072433646147049835,-0.004736826355550949
2020-06-19 00:00:00+00:00,0.013224118408092567,-0.002194774665848498,0.003189244923145207
2020-06-22 00:00:00+00:00,0.013235246062692552,0.019261578414216274,-0.008143414170437402
2020-06-23 00:00:00+00:00,0.0012699509466740366,0.009332202577983395,0.0036243979551875416
2020-06-24 00:00:00+00:00,-0.013589418711038692,-0.02519503342075946,0.003390115549656958
2020-06-25 00:00:00+00:00,0.001653199023846641,0.008299210837765303,-0.012780323283702266
2020-06-26 00:00:00+00:00,-0.006418457398791988,-0.002763250225306879,0.05096479505707574
2020-06-29 00:00:00+00:00,0.01070502054430622,0.008017926243966578,-0.008117702772615143
2020-06-30 00:00:00+00:00,0.009313406717726735,0.00017545198295998432,-0.009278424526489304
2020-07-01 00:00:00+00:00,0.00398048161536102,0.005438325036219771,0.004754771245447209
2020-07-02 00:00:00+00:00,0.008109514049930322,0.001279523191690668,0.03111773236595905
2020-07-07 00:00:00+00:00,-0.005123623827705037,-0.014203738867243132,0.0029603885279361197
2020-07-08 00:00:00+00:00,0.006215565007730683,0.0138321089923088,-0.02246795109658395
2020-07-09 00:00:00+00:00,0.015354728807407625,0.009379761594762392,-0.006557215434608632
2020-07-10 00:00:00+00:00,-0.002433502392126252,0.008109948531234146,0.0081656720586889
2020-07-13 00:00:00+00:00,-0.006621381288667072,-0.014916190887962588,-0.0010574830935632384
2020-07-14 00:00:00+00:00,0.0033327915628877935,0.010038021063238034,-0.02164416613879505
2020-07-15 00:00:00+00:00,-0.010139892016058805,0.005053306376425759,0.028522734208700218
2020-07-16 00:00:00+00:00,-0.014129269730700056,-0.008994416817606488,0.0003805442022528638
2020-07-17 00:00:00+00:00,-0.01648151511958207,0.0009583300610531698,-0.015214229779617394
2020-07-20 00:00:00+00:00,0.009107467870730579,0.01819101020472358,0.0032488480489605287
2020-07-21 00:00:00+00:00,0.009205745622497208,0.0003319476719478853,0.007767628625813039
2020-07-22 00:00:00+00:00,0.001788561516616216,0.012054147648374647,-0.015325541856557212
2020-07-23 00:00:00+00:00,-0.0044634887964973835,-0.00464408080197054,-0.009014354704650507
2020-07-24 00:00:00+00:00,-0.001972682908274348,-0.016412286500066875,-0.006355954835332689
2020-07-27 00:00:00+00:00,-0.005570554623378632,0.004129640182447991,0.02289800163182898
2020-07-28 00:00:00+00:00,0.0001806707897658022,-0.0057799884870044504,0.04665123658418646
2020-07-29 00:00:00+00:00,0.006323438093354339,0.0185029770802565,-0.014590302488093898
2020-07-30 00:00:00+00:00,-0.008079008200640225,-0.006476359470612092,0.0015157624383748125
2020-07-31 00:00:00+00:00,0.0036199233111213758,0.0037564504459837167,0.0008334732808730205
2020-08-03 00:00:00+00:00,0.009558138358964685,0.026141992734061814,-0.011944420604211192
2020-08-04 00:00:00+00:00,0.00035727863392676085,-0.005041579280192665,-0.0019741150165959453
2020-08-05 00:00:00+00:00,-0.008928571428571397,0.006576471655591387,0.004356158172568847
2020-08-06 00:00:00+00:00,-0.003963985958614913,-0.0004819597276805032,0.021509226667957515
2020-08-07 00:00:00+00:00,-0.0009044724704168061,-0.0036969698010217433,-0.005524023855354887
2020-08-10 00:00:00+00:00,-0.005250786129476048,-0.009142226276644516,-0.0054675967909817436
2020-08-11 00:00:00+00:00,-0.012195088927788866,0.0067300162451238155,-0.0012704338629498935
2020-08-12 00:00:00+00:00,-0.0018426808176681408,0.038492636682312176,-0.00989069944005816
2020-08-13 00:00:00+00:00,-0.002769018206606355,0.00877330840766155,-0.0012847570642170458
2020-08-14 00:00:00+00:00,0.0033321048435850376,-0.00010294499643348498,-0.005455897932766907
2020-08-17 00:00:00+00:00,-0.0038745217991997816,0.014873902955516716,0.005017505737792138
2020-08-18 00:00:00+00:00,0.022041092604440538,-0.00451341030797392,0.007255746145743647
2020-08-19 00:00:00+00:00,0.018484966511825185,-0.008099828391094799,-0.005793546577266273
2020-08-20 00:00:00+00:00,-0.016726021862016105,0.0015920987515001261,-0.0016617920046599899
2020-08-21 00:00:00+00:00,-0.0012667335676871394,-0.006204526137619681,-0.0018864992413039072
2020-08-24 00:00:00+00:00,0.014857758927853792,0.008358676732854065,-0.00022236057025937228
2020-08-25 00:00:00+00:00,0.001428349106447513,0.0096198380661634,-0.002424356156641827
2020-08-26 00:00:00+00:00,0.02495991303388001,0.01003494882184608,0.004838070197631383
2020-08-27 00:00:00+00:00,-0.00539226585911079,-0.018967328549555962,-0.002263189552363043
2020-08-28 00:00:00+00:00,0.012242055949693409,0.004040757849309129,-0.004380828119302738
2020-08-31 00:00:00+00:00,-0.011402899710305725,-0.0078960928561429,0.008353599769486575
2020-09-01 00:00:00+00:00,0.00768959485009213,0.0042105639241014625,-0.004828841441466336
2020-09-02 00:00:00+00:00,0.023759953789633137,0.005726824539770803,0.008369044837273965
2020-09-03 00:00:00+00:00,-0.03269524555458192,-0.029081301284782368,0.015164602404771577
2020-09-04 00:00:00+00:00,-0.023992976681175837,0.004032069265009985,-0.004653164240867591
2020-09-09 00:00:00+00:00,0.029464950779233945,0.019263893142494437,-0.008751405014666425
2020-09-10 00:00:00+00:00,0.006672538420096519,-0.008235653963011735,0.0015036625552991012
2020-09-11 00:00:00+00:00,-0.005756180368302943,0.020547219194136712,0.018424467370939057
2020-09-14 00:00:00+00:00,0.043157878674958905,0.0014083260522730345,0.04940811248999166
2020-09-15 00:00:00+00:00,0.024890675496542558,-0.0021355469054558096,0.0
2020-09-16 00:00:00+00:00,-0.008368860075912088,-0.014249899266346788,0.004656056077283033
2020-09-17 00:00:00+00:00,-0.004137018016506455,0.00683078233752199,-0.01679985969961051
2020-09-18 00:00:00+00:00,-0.007145236008561429,-0.011675613904645776,-0.004490155853378086
2020-09-21 00:00:00+00:00,0.01790794468325063,-0.020327757038372307,0.0062860308985042135
2020-09-22 00:00:00+00:00,-0.003288404537043599,-0.0043454808540743795,0.023384537866355748
2020-09-23 00:00:00+00:00,-0.027383699713973253,-0.009383530780506577,-0.02199805825486989
2020-09-24 00:00:00+00:00,0.005766624115796981,0.006884017994244873,-0.054793391496214094
2020-09-25 00:00:00+00:00,0.008431703312527405,-0.008641917711704084,0.03861080451414933
2020-09-28 00:00:00+00:00,-0.003678886434993811,0.011199993265086139,0.0016513230893651087
2020-09-29 00:00:00+00:00,-0.001846267320761097,-0.005074163476513016,0.025594465756870743
2020-09-30 00:00:00+00:00,0.0038674884398062215,0.009542035514861658,0.0015673310711439292
2020-10-01 00:00:00+00:00,-0.00033501603866126217,0.0027704371544932105,0.01249845593767751
2020-10-06 00:00:00+00:00,-0.0008395408093498924,-0.03361988296275997,0.003141399898962005
2020-10-07 00:00:00+00:00,0.018148241665533638,0.03915229298119072,0.00797623768716993
2020-10-08 00:00:00+00:00,0.004951299493398897,-0.011341257587171083,0.032803962646158036
2020-10-09 00:00:00+00:00,0.004270030199321484,0.00838290840653877,-0.004512156357829977
2020-10-12 00:00:00+00:00,0.005069461175116308,0.011266668124335633,0.006061269885382137
2020-10-13 00:00:00+00:00,-0.007972630508764955,-0.0038398673797448435,-0.0012190640183303847
2020-10-14 00:00:00+00:00,-0.00016405012350684256,0.008523763747324553,-0.005996692391455172
2020-10-15 00:00:00+00:00,-0.007217825349689955,0.010497482045088491,-0.024558655182835176
2020-10-16 00:00:00+00:00,-0.0038003889705328087,0.025624619820752592,0.00828283965664589
2020-10-19 00:00:00+00:00,-0.011112986788328616,-0.016361983614001097,-0.018727607963509585
2020-10-20 00:00:00+00:00,0.0021804943046670466,0.01673970666252389,0.010123342987431894
2020-10-21 00:00:00+00:00,-0.0013389427791579145,-0.013555628447918577,-0.023220188994614865
2020-10-22 00:00:00+00:00,0.0003351844876389176,0.0008951373363372817,-0.0015885475648993452
2020-10-23 00:00:00+00:00,0.00351822590051043,-0.0006838762684820976,0.005858954778480641
2020-10-26 00:00:00+00:00,-0.040233719299170745,-0.023951166092122667,0.0005210295959168221
2020-10-27 00:00:00+00:00,-0.00713167221154698,-0.00043146279713468516,-0.02159439397460705
2020-10-28 00:00:00+00:00,-0.0261037426536338,-0.044350930091297536,-0.003022622841683198
2020-10-29 00:00:00+00:00,0.0077352096419407435,0.008186609343975526,0.003985184717589796
2020-10-30 00:00:00+00:00,0.0016065717931534884,-0.0008400579555394305,0.012231096616315495
2020-11-02 00:00:00+00:00,0.006059528584734464,0.026678592958669922,-0.022609151656594162
2020-11-03 00:00:00+00:00,0.006200150033494278,0.0700404102197072,0.011134146860432015
2020-11-04 00:00:00+00:00,-0.005457703569676897,0.031580034768024845,0.007423224469386369
2020-11-05 00:00:00+00:00,0.0030093496883381032,0.02418397360757707,0.012268454488519875
2020-11-06 00:00:00+00:00,0.002470868161409401,0.004394242494575096,0.008098447479402804
2020-11-09 00:00:00+00:00,0.0007042414800111363,-0.010576908405010466,0.0070731303735036555
2020-11-10 00:00:00+00:00,-0.0029908864036981564,-0.00583088887486749,-0.02824029826236274
2020-11-11 00:00:00+00:00,0.0093524371116811,0.022825014807587918,0.014417251571535505
2020-11-12 00:00:00+00:00,-0.013111887937000355,-0.01811061531774727,-0.006231862376556929
2020-11-13 00:00:00+00:00,0.00814878792304019,0.005888683760104874,-0.005316243017649547
2020-11-18 00:00:00+00:00,-0.015231074022291846,0.01749461644403416,-0.014778472182730984
2020-11-19 00:00:00+00:00,0.0035555691189235183,0.000654111061285434,0.003902309169887541
2020-11-20 00:00:00+00:00,-0.013286093708831048,-0.020684468943622525,0.008855132360350737
2020-11-23 00:00:00+00:00,0.006822281201261271,0.0010489235002442143,0.02405788929611874
2020-11-24 00:00:00+00:00,0.02656914791583387,0.001619338574102791,-0.0008075437907222316
2020-11-25 00:00:00+00:00,-0.0027792226552069144,0.009938165989356929,-0.00762293110993062
2020-12-02 00:00:00+00:00,0.005788221703652674,0.0017724935113314633,0.008343112656821638
2020-12-03 00:00:00+00:00,0.0032159549901895623,0.0027005718653285715,-0.014584239946219935
2020-12-04 00:00:00+00:00,0.01164161669275976,-0.023264497904015635,0.006680358737913394
2020-12-07 00:00:00+00:00,-0.002668443126336628,0.0015213812388998882,0.003721252465417102
2020-12-08 00:00:00+00:00,-0.012876261999790639,0.015854914458502734,0.021770135047392003
2020-12-09 00:00:00+00:00,0.011858390266221042,0.004439238075897967,0.004826082209398841
2020-12-10 00:00:00+00:00,-0.004185501455147622,-0.004745309546138499,-0.009427920712840598
2020-12-11 00:00:00+00:00,0.01899800061889434,0.004487480702727531,-0.00025139214869085436
2020-12-14 00:00:00+00:00,0.002474801347486233,0.007026825404275572,0.0050653301555410035
2020-12-15 00:00:00+00:00,0.018104053969806078,0.0213955869380813,-0.012921293553516344
2020-12-16 00:00:00+00:00,0.014872262526155922,0.005248172956231478,0.019065344249723948
2020-12-17 00:00:00+00:00,0.013220800369438734,0.006930974702783699,0.008528178671173059
2020-12-18 00:00:00+00:00,0.02279510979923205,0.008939346704478712,0.008033277859338606
2020-12-21 00:00:00+00:00,-0.008914759044339138,-0.004828761611311405,-0.014278258530671106
2020-12-22 00:00:00+00:00,0.010390789920349253,0.012909517024411121,0.018562877672829714
2020-12-23 00:00:00+00:00,0.0023024024921829422,-0.00966861656480622,0.012619669277632806
2020-12-24 00:00:00+00:00,-0.005206798643112798,0.0008431811684301849,0.00020630774602481416
2020-12-28 00:00:00+00:00,-0.0013854116249847337,0.0136567279196802,0.006891506355199972
2020-12-29 00:00:00+00:00,-0.0063203891590859484,0.00450548434690945,0.00037553686520230833
2020-12-30 00:00:00+00:00,-0.0009307719430018402,0.0002177453923128958,-0.007234243703079679
2020-12-31 00:00:00+00:00,0.004503119699629243,-0.000740120018888013,-0.016000428985272763
2021-01-05 00:00:00+00:00,-0.012392171223958304,-0.004096703661887635,0.017618335451609735
2021-01-06 00:00:00+00:00,-0.006194399544465989,-0.01915252032902237,-0.013417394115745274
2021-01-07 00:00:00+00:00,0.007991050062948313,0.0015783815265641987,-0.006128117703383618
2021-01-08 00:00:00+00:00,0.004915195414476159,-0.01859524884878927,0.02904901480388289
2021-01-11 00:00:00+00:00,-0.005522282785104582,-4.585267137668936e-05,0.017799368953296923
2021-01-12 00:00:00+00:00,-0.009677941014841429,0.0,-0.000503660860463051
2021-01-13 00:00:00+00:00,-0.005767331083220029,0.01711321165646562,-0.005008156604342617
2021-01-14 00:00:00+00:00,-0.0074122283111629494,-0.024944736877606788,0.029044461424899692
2021-01-15 00:00:00+00:00,0.0029220829486125144,-0.028173557710566177,-0.005337266981337518
2021-01-20 00:00:00+00:00,0.004405293746622796,0.015302006998899165,0.014751463911594431
2021-01-21 00:00:00+00:00,-0.0056855471249260825,0.011654601283866528,-0.010562726866573002
2021-01-22 00:00:00+00:00,-0.013886595112475919,-0.018830351054514805,0.008934434725933249
2021-01-25 00:00:00+00:00,0.008946337144912775,-0.00900647708843294,-0.0035724163601635883
2021-01-28 00:00:00+00:00,-0.021262958154752543,-0.001302795042031013,-0.019778905271073177
2021-01-29 00:00:00+00:00,-0.012904294344577405,0.0057976469852758505,-0.026653720376788703
2021-02-01 00:00:00+00:00,0.017871885005847243,0.04231920994974514,0.00899930869916954
2021-02-02 00:00:00+00:00,0.013981476732547682,-0.04239832238412056,0.02041819214858509
2021-02-03 00:00:00+00:00,-0.003206682160727281,-0.0374897422293371,-0.0010613252573233867
2021-02-04 00:00:00+00:00,0.018980221005784115,0.006650009155273473,-0.0036249738220494043
2021-02-05 00:00:00+00:00,0.003946330008233856,0.006705363495001615,-0.00956577662095337
2021-02-08 00:00:00+00:00,-0.007704369112035647,0.02960331664111493,0.01778056883502499
2021-02-09 00:00:00+00:00,0.008873356887622919,0.00239601311840576,-0.011574062469189017
2021-02-10 00:00:00+00:00,-0.006282357824485385,-0.009704555169591567,0.011457756807987884
2021-02-11 00:00:00+00:00,-0.009009004120439812,-0.010716878040616717,-0.0022718229599465456
2021-02-12 00:00:00+00:00,0.006060623022190459,0.0020495459071179223,-0.0047410951877339125
2021-02-17 00:00:00+00:00,-0.0008046224260001011,-0.010100552223558434,-0.01148351473596132
2021-02-18 00:00:00+00:00,-0.00032212043347590313,-0.0024008190122701834,-0.0051251177961993966
2021-02-19 00:00:00+00:00,-0.015144169990826795,-0.0058160124334842855,0.00474266915362942
2021-02-22 00:00:00+00:00,0.054310417505597286,-0.00791765655649701,-0.03691591154493401
2021-02-23 00:00:00+00:00,0.0007758425775872269,0.0004574844313347537,0.007351822866357605
2021-02-24 00:00:00+00:00,0.00310072787972393,-0.002032386064967473,-0.010771040212588012
2021-02-25 00:00:00+00:00,0.009273665097629058,-0.008044406097424739,0.016010294633278965
2021-02-26 00:00:00+00:00,-0.012098022643294182,0.013088348959566343,-0.03371949332405444
2021-03-01 00:00:00+00:00,0.025732382231352435,0.0016211979811211474,0.010330615982906188
2021-03-02 00:00:00+00:00,0.007405251726212425,-0.006170972380047712,0.02809320424598649
2021-03-03 00:00:00+00:00,0.0037503748314688945,-0.025600564376396018,0.01754619331964169
2021-03-04 00:00:00+00:00,-0.019429128390468065,-0.019169486693371374,-0.003072846976003518
2021-03-05 00:00:00+00:00,0.06645329324480564,0.005964400492428634,-0.013657049221430961
2021-03-08 00:00:00+00:00,0.03129916254393694,-0.002011591510329369,-0.00036571786984684884
2021-03-09 00:00:00+00:00,0.006651825154924573,0.02392316149281326,0.014632767659751744
2021-03-10 00:00:00+00:00,-0.00715854415522621,-0.006216634491171602,0.0065553353283680504
2021-03-15 00:00:00+00:00,0.00848718975198337,-0.0009192210715767146,0.002681519090504514
2021-03-16 00:00:00+00:00,-0.012992836840342692,0.005060523486507318,0.014317677831347408
2021-03-17 00:00:00+00:00,-0.009424042898996565,0.00467906719454958,0.0009324294780537201
2021-03-18 00:00:00+00:00,0.007852561665369295,-0.014629945772359765,-0.02455868304053377
2021-03-19 00:00:00+00:00,-0.007192024916135575,0.01238121622233912,0.004511757342952505
2021-03-22 00:00:00+00:00,0.0009054868194902088,0.055820562956869324,0.02604745670569919
2021-03-23 00:00:00+00:00,0.014324441384403697,-0.025184996135065862,0.0041379054260355375
2021-03-24 00:00:00+00:00,-0.006540728912866278,-0.012178291743943692,-0.006841468634852577
2021-03-25 00:00:00+00:00,0.02693394243671654,0.01796850878490397,-0.018022491506196836
2021-03-26 00:00:00+00:00,0.02360487849941384,0.001519968439481767,0.0006362305201699225
2021-03-31 00:00:00+00:00,-0.005386319863568523,0.0024428533620679538,0.0061104141234948894
2021-04-01 00:00:00+00:00,0.023371803227069776,-0.005925102735076737,-0.004043644999406126
2021-04-05 00:00:00+00:00,0.03272533328800242,0.026341141911070176,0.023349100266587763
2021-04-06 00:00:00+00:00,0.0016180570558521623,-0.020279138930371254,0.007965682671902119
2021-04-07 00:00:00+00:00,-0.002827128270378898,-0.001864330919722934,0.0020522410243153377
2021-04-08 00:00:00+00:00,0.016335886181422676,0.001772007240324447,0.014046034322975798
2021-04-09 00:00:00+00:00,0.00398516281379524,0.00014341817449681216,0.001477053129608441
2021-04-12 00:00:00+00:00,0.007144759227902808,0.013288713288005738,-0.02278574796354127
2021-04-13 00:00:00+00:00,0.007225373128195045,-0.008397012997324205,-0.0438927470258581
2021-04-16 00:00:00+00:00,0.008430144654449023,0.004977497354576643,-0.007393730623074912
2021-04-19 00:00:00+00:00,-0.002533210335312619,0.000943381831331136,-0.010437649104087954
2021-04-20 00:00:00+00:00,0.0062221950954861605,-0.011074415073152655,-0.005455752967804983
2021-04-23 00:00:00+00:00,0.0013356280279508415,0.013234428577044932,-0.0029819317309615068
2021-04-26 00:00:00+00:00,-0.006269190516877465,0.009958356720956019,-0.002797861769376131
2021-04-27 00:00:00+00:00,0.009664445915478215,0.00412746564498212,0.010061903599255295
2021-04-28 00:00:00+00:00,-0.005982512235227944,-0.006257114118669582,-0.00252231875598663
2021-04-29 00:00:00+00:00,0.014711865091646015,-0.005193514446653613,-0.0028328470214157297
2021-04-30 00:00:00+00:00,-0.001054459314070444,-0.01413720305722832,-0.025551752718481646
2021-05-03 00:00:00+00:00,0.020319315172508956,0.02150989432972117,0.00044474748395972874
2021-05-04 00:00:00+00:00,0.01551787042322661,-0.06881365397744588,0.004198221929535784
2021-05-05 00:00:00+00:00,0.008404478191375908,0.001330201390009611,0.015066792744282242
2021-05-06 00:00:00+00:00,0.006945263359099174,-0.015448951486585205,0.005087702376981973
2021-05-07 00:00:00+00:00,0.008276946072119928,0.001948925033526061,0.006893876330485771
2021-05-10 00:00:00+00:00,-0.0031094526773053355,-0.004688291478335382,0.004021864103230355
2021-05-11 00:00:00+00:00,-0.030692439646159864,-0.008418484146793914,-0.007280210568669565
2021-05-12 00:00:00+00:00,-0.01209940033294754,-0.011673729035744485,-0.011208607860567876
2021-05-17 00:00:00+00:00,0.0024084477484629385,0.015101938546060456,0.005980665246600125
2021-05-18 00:00:00+00:00,-0.004931706886927345,0.009571078566761981,0.006205732984160051
2021-05-19 00:00:00+00:00,0.0006353465600730246,-0.004077030276006588,-0.0022015179748215985
2021-05-20 00:00:00+00:00,-0.0002539578817489785,0.026387206429177024,-0.007138221933809197
2021-05-21 00:00:00+00:00,0.0039379770552165905,0.015040795445563138,0.006699346405228734
2021-05-24 00:00:00+00:00,0.004428678723613855,0.004686860356902356,0.0003246226261970353
2021-05-25 00:00:00+00:00,-0.0069286399772405804,0.0037225204108413124,0.010546811617718754
2021-05-26 00:00:00+00:00,0.005454779845081692,-0.0023003156988451456,0.014290301862556198
2021-05-27 00:00:00+00:00,-0.003532661768234857,-0.01185772737530233,0.00680702865284144
2021-05-28 00:00:00+00:00,-0.0030388134079889495,0.004333350771949407,-0.01144651017099052
2021-06-02 00:00:00+00:00,0.008797247089693316,0.008039523922904968,-0.00746909255570094
2021-06-03 00:00:00+00:00,0.010215519236539627,0.004757189479271062,0.0037706462836084587
2021-06-04 00:00:00+00:00,0.022197596905263683,0.006730781489713511,0.0007958615200955865
2021-06-07 00:00:00+00:00,0.012667427427788702,0.011480958033546873,0.012548692221669988
2021-06-08 00:00:00+00:00,0.007981869781490625,-0.002507124060767474,0.005324815101745317
2021-06-09 00:00:00+00:00,-0.001063750935301866,-0.030344641377327064,3.127905232713779e-05
2021-06-10 00:00:00+00:00,-0.02626589776953936,-0.0024978734922793677,0.0051714862364269365
2021-06-11 00:00:00+00:00,0.007290382161271092,-0.0016064084464699757,0.01771947249900263
2021-06-14 00:00:00+00:00,-0.003377548542136899,-0.028536268273936405,0.0007789262600315094
2021-06-15 00:00:00+00:00,-0.011861574974035394,-0.0037996823067768526,-0.00415099035538935
2021-06-16 00:00:00+00:00,-0.05585494356546916,-0.008557457212713948,0.003555313050723985
2021-06-17 00:00:00+00:00,0.006227240738669426,-0.009025902989172274,0.013254508848890456
2021-06-18 00:00:00+00:00,-0.017147940220799907,-0.004131006562904549,-0.006163801121806922
2021-06-21 00:00:00+00:00,0.023087950010904246,0.010445281504035231,-0.007339323329242031
2021-06-22 00:00:00+00:00,0.008847319660291841,-0.003412737202556193,0.008585088349649439
2021-06-23 00:00:00+00:00,-0.007371655170374081,-0.0068489991820428475,-0.01205623694923319
2021-06-24 00:00:00+00:00,-0.004609482937068865,0.015841278093431388,0.03440246479184261
2021-06-25 00:00:00+00:00,0.009261657325548844,0.0046241757529073,0.0021342041034670967
2021-06-28 00:00:00+00:00,0.0005098255925835016,0.005876001082505855,-0.013029474737316638
2021-06-29 00:00:00+00:00,-0.005095560839221691,0.0070586941931995995,0.001228769807821939
2021-06-30 00:00:00+00:00,-0.0033290927184412844,-0.003963803764606699,0.0014666633343374258
2021-07-01 00:00:00+00:00,0.02183973095601499,-0.012084472003325297,-0.0012702682507659269
2021-07-02 00:00:00+00:00,0.028664807053727204,0.01586753667851326,-0.004803246694037089
2021-07-07 00:00:00+00:00,0.036230072706989525,0.005683465294260115,0.003877602352454934
2021-07-08 00:00:00+00:00,-0.005807875726206002,-0.006617374898639561,-0.005022962615348847
2021-07-09 00:00:00+00:00,0.02535349796923847,0.016629379111381404,-0.015451925013426404
2021-07-12 00:00:00+00:00,-0.007748408028981246,0.0023914290970976637,-0.004691116420870833
2021-07-13 00:00:00+00:00,-0.00011486146095718297,0.0003817245460240315,-0.0017381380659500234
2021-07-14 00:00:00+00:00,0.013896854125573066,0.0031479712419211214,0.008470455235652263
2021-07-15 00:00:00+00:00,-0.023108302489077026,-0.016546266951025346,-0.003608622507053183
2021-07-16 00:00:00+00:00,0.014494434496329367,0.00024174749875816026,-0.0025444988114060596
2021-07-19 00:00:00+00:00,-0.00582917498329405,-0.013437086313974667,-0.003192672785771511
2021-07-20 00:00:00+00:00,0.019314787771181008,0.00014697358878623668,0.006657021453801093
2021-07-23 00:00:00+00:00,-0.033079721239816506,0.02364747713777504,-0.001088189996030109
2021-07-26 00:00:00+00:00,0.0019386265732961316,-0.000565721167517852,-0.004762142136443326
2021-07-27 00:00:00+00:00,-0.0006828768287838738,-0.0028303509031937235,-0.00456602631180103
2021-07-28 00:00:00+00:00,-0.007061534453666751,0.004021032716636785,0.004665514030713025
2021-07-29 00:00:00+00:00,0.005161699319419233,0.01884658827964847,-0.0006254299735635183
2021-07-30 00:00:00+00:00,-0.005591668140220274,0.009480150485075445,-0.008871048633548151
2021-08-02 00:00:00+00:00,0.0052788511325982945,-0.028127718074553165,0.016401190854698378
2021-08-03 00:00:00+00:00,0.024429217202334153,-0.004006556064957034,0.02034540659341988
2021-08-04 00:00:00+00:00,0.0034544817847987908,0.0020823588975455998,-0.0033334200424378624
2021-08-05 00:00:00+00:00,-0.00688509412071503,0.03627086273986713,0.0030544144379545113
2021-08-06 00:00:00+00:00,0.0010063327472158434,0.0001823377324572384,0.007871647875457244
2021-08-09 00:00:00+00:00,0.004244916187024161,0.012120606588645666,0.003897486903572167
2021-08-10 00:00:00+00:00,-0.0028921260491372447,-0.00414189712393942,0.003370738055335165
2021-08-11 00:00:00+00:00,-0.0001115811724516913,0.01283904329598684,0.0030894895257305155
2021-08-12 00:00:00+00:00,0.002008259630610576,-0.0035261261819619083,0.0022576547270982683
2021-08-13 00:00:00+00:00,0.0063467287642708925,0.011780536989081769,0.0333109278268815
2021-08-16 00:00:00+00:00,0.004868360862774868,-4.4314527220756794e-05,0.002757420193279625
2021-08-17 00:00:00+00:00,0.0014313725374894837,-0.029308873512627787,0.02306399423614547
2021-08-18 00:00:00+00:00,-0.02209999531918383,-0.0041048752405216105,0.00211086246940817
2021-08-23 00:00:00+00:00,0.0020238396698308847,0.014104260887957132,0.021885068785995276
2021-08-24 00:00:00+00:00,-0.006395867114648124,-0.009440927777102814,-0.006653090620110769
2021-08-25 00:00:00+00:00,0.0007905103603813579,0.013436233385342833,0.01267575817753186
2021-08-26 00:00:00+00:00,0.0011283961974932755,-0.015322490152102741,0.0035119151834517304
2021-08-27 00:00:00+00:00,0.007100960829010461,0.00782709625115352,0.013154078571543604
2021-08-30 00:00:00+00:00,0.0011191771217551327,0.005870880966495351,-0.005066960743638105
2021-08-31 00:00:00+00:00,-0.003577414262063927,-0.000873213128379291,0.02300540383660854
2021-09-01 00:00:00+00:00,0.009200041737831066,0.00032202081961463236,-0.018883122957394805
2021-09-02 00:00:00+00:00,-0.001667525309319129,0.009426601555390324,0.032786457537524294
2021-09-03 00:00:00+00:00,0.0022271374325779636,-0.003371016211559441,0.001381390194337584
2021-09-08 00:00:00+00:00,0.00845356165104505,-0.005396102335252784,-0.010941062676816271
2021-09-09 00:00:00+00:00,0.0007823817354326579,0.000957448333060329,0.004570565676071281
2021-09-14 00:00:00+00:00,-0.028124648635008742,0.006794680736844638,0.010545152887955656
2021-09-15 00:00:00+00:00,0.01551110055275351,0.003170563239933477,0.017666473200446786
2021-09-16 00:00:00+00:00,-0.005471370552451504,-0.011829488747194028,-0.012959755058653766
2021-09-17 00:00:00+00:00,-0.009856740519788687,-0.011285758995772888,-0.019329785112094378
2021-09-20 00:00:00+00:00,-0.002546605188765483,-0.014880545449353022,-0.0011364336495082172
2021-09-21 00:00:00+00:00,0.008703725379331617,0.007224321237275344,0.01031775890463571
2021-09-22 00:00:00+00:00,0.017487394207102103,0.005262864275950241,-0.00020710825618708295
2021-09-23 00:00:00+00:00,0.011080910227114993,0.005930313199658643,0.0018383796164775923
2021-09-24 00:00:00+00:00,0.0058153017569790855,0.0015660077575820885,0.0005298310597983136
2021-09-27 00:00:00+00:00,0.012230358508581451,-0.004184694353048357,-0.008873013515614203
2021-09-28 00:00:00+00:00,-0.006041333987552799,-0.024197669911422914,-0.015064061184971056
2021-09-29 00:00:00+00:00,0.008398741896034068,-0.009133465988735767,0.0033737746131987656
2021-09-30 00:00:00+00:00,-0.04515071503103596,-0.0012418080024906297,-0.004311784049341405
2021-10-01 00:00:00+00:00,0.02995524724694265,0.00033477106854129524,-0.012011520724066638
2021-10-04 00:00:00+00:00,-0.0053487378979852895,-0.009321654598614892,0.011554366580995179
2021-10-05 00:00:00+00:00,0.024983146696945013,0.011918554117122948,0.015901200334872412
2021-10-06 00:00:00+00:00,-0.001639540161562425,-0.010156906273522393,-0.005843567213378753
2021-10-07 00:00:00+00:00,0.010619676588499383,0.017535404940457466,0.02151722745317164
2021-10-08 00:00:00+00:00,0.022532790445958018,0.007953757532771943,0.01098153075404329
2021-10-11 00:00:00+00:00,0.009534924586275695,0.010615358527083174,-0.06353456503806165
2021-10-12 00:00:00+00:00,0.002938385734145177,0.0021379041050793024,-0.008885934212131796
2021-10-13 00:00:00+00:00,0.008684752890081304,-0.007281291628711939,0.0006432931691153776
2021-10-14 00:00:00+00:00,-0.011618285569024223,0.043401042530639256,-0.011969249448576247
2021-10-19 00:00:00+00:00,0.0056988437487228705,0.010296801293923297,-0.0035644271137980077
2021-10-20 00:00:00+00:00,-0.004327201519779167,-0.007343491643353017,-0.0069616844014011026
2021-10-21 00:00:00+00:00,-0.003518174048405931,0.007039129176284575,-0.021156350524460743
2021-10-22 00:00:00+00:00,0.02024918885198934,-0.007167982752221969,-0.009525803918966735
2021-10-25 00:00:00+00:00,-0.0036641283496342547,0.03591925787818817,-0.0016863101646815704
2021-10-26 00:00:00+00:00,-0.00929610826834959,-0.004372081428736796,-0.002963069514395067
2021-10-27 00:00:00+00:00,-0.00979588105539897,0.0062608801800272396,0.0020530357041457226
2021-10-28 00:00:00+00:00,0.002082730190347881,0.015641181641034452,-0.01951431983845553
2021-10-29 00:00:00+00:00,-0.0030136226271517685,0.008976434239201359,-0.006984905827851939
2021-11-01 00:00:00+00:00,-0.016260216263190408,0.010836140085425328,0.02314764251158863
2021-11-02 00:00:00+00:00,0.0157873017220298,0.03783261807628646,0.0022437144883320492
2021-11-03 00:00:00+00:00,0.00292060885861245,0.027611411055014523,0.0023104439874115368
2021-11-04 00:00:00+00:00,-0.0054082606781964415,0.006453355537195504,0.004696084857541694
2021-11-09 00:00:00+00:00,-0.005780986496597085,-0.015571654153793024,0.0008421814779457915
2021-11-10 00:00:00+00:00,-0.00803461820762863,-0.01437650487844866,-0.006104316582084102
2021-11-11 00:00:00+00:00,0.002238080362086947,0.020238795408514587,0.0011192785607145872
2021-11-12 00:00:00+00:00,-0.005316886379543195,0.0018210042990647324,0.010850896790917552
2021-11-15 00:00:00+00:00,0.0051314488223335175,0.001082874159282543,0.00772819433151728
2021-11-16 00:00:00+00:00,0.016911338269042675,-0.0037086785104969433,0.0008723872099254404
2021-11-17 00:00:00+00:00,-0.0029285511715242407,0.0325331872282717,-0.009700821321377173
2021-11-18 00:00:00+00:00,-0.0070281984273187215,-0.0018026550568147615,-0.013117905804514773
2021-11-23 00:00:00+00:00,-0.017651391588328513,-0.030294212523403696,0.001691561942355202
2021-11-24 00:00:00+00:00,0.006886156367942098,0.005131836833378145,-0.006047470930756971
2021-11-29 00:00:00+00:00,0.00660674318481802,0.011647815683161866,0.016000087262643126
2021-11-30 00:00:00+00:00,-0.023671234343077496,-0.019979673319400204,0.007752684849728686
2021-12-01 00:00:00+00:00,-0.010910269859779387,-0.013821723956158993,0.013785230956629535
2021-12-02 00:00:00+00:00,0.0026740709055101952,0.02187972418932249,0.018195497967234964
2021-12-03 00:00:00+00:00,-0.019446605639987014,-0.01398206824947723,-0.0006725277217468628
2021-12-06 00:00:00+00:00,0.007932962313954572,-0.0010818700279671134,-0.028581645187741422
2021-12-07 00:00:00+00:00,0.012480330333730638,0.028507311151458214,0.013601430546463789
2021-12-08 00:00:00+00:00,-0.012326491646130977,0.004400201032685569,0.011828679688589805
2021-12-09 00:00:00+00:00,-0.0019114660858239318,-0.025536402954972615,-0.006934269767825074
2021-12-10 00:00:00+00:00,0.15613384177630385,0.00403453522754571,0.009731394135663152
2021-12-13 00:00:00+00:00,-0.016954086625112774,-0.011098331542143347,-0.00746539433563953
2021-12-14 00:00:00+00:00,-0.009911785172461829,-0.019698128707888785,0.003920088337427741
2021-12-15 00:00:00+00:00,0.037641427161927865,0.028265776049574143,-0.014749696575880322
2021-12-16 00:00:00+00:00,-0.004148579824848508,-0.014934597574410846,0.0031509515011944877
2021-12-17 00:00:00+00:00,-0.06394108114772346,-0.015862468931431506,0.0007678132468780241
2021-12-20 00:00:00+00:00,-0.0515421570623974,-0.011524250392558333,-0.007658346580165065
2021-12-21 00:00:00+00:00,-0.0014185645382343015,-0.002323725227851736,0.014450827376532471
2021-12-22 00:00:00+00:00,-0.018030832557763055,0.006746416540669209,0.006221752866468533
2021-12-23 00:00:00+00:00,-0.0015579722757347314,0.011009213399371554,0.008799821296392007
2021-12-28 00:00:00+00:00,-0.00993968483971841,-0.0024793314175221015,0.0028272911706317405
2021-12-29 00:00:00+00:00,-0.004963366427893412,0.0011650011377426495,-0.0031970693772221948
2021-12-30 00:00:00+00:00,-0.0022672820577932518,-0.0037626115850792896,0.010569207065309616
2021-12-31 00:00:00+00:00,-0.009089910604927476,0.007748397212150149,0.0012320315115501579
2022-01-03 00:00:00+00:00,0.007911964782133518,0.002588605560608581,0.021239290133240774
2022-01-04 00:00:00+00:00,0.010693911213812246,0.03738106505869476,0.017549603824241977
2022-01-05 00:00:00+00:00,-0.026789704542152126,-0.023775005900813273,-0.006126532937286822
2022-01-06 00:00:00+00:00,-0.0013879568338277526,-0.004604520466193418,-0.013856693476112403
2022-01-07 00:00:00+00:00,0.013551144868723775,-0.017432516983993285,0.012094722036714245
2022-01-10 00:00:00+00:00,0.020226221001697464,-0.01089404681602335,0.006837964877708602
2022-01-11 00:00:00+00:00,-0.008960522326404763,0.00047201288888087944,0.00929154575051161
2022-01-12 00:00:00+00:00,-0.0019214036153912817,0.016002230804516238,-0.014300671977463653
2022-01-13 00:00:00+00:00,-0.005888310015198295,-0.028636697691276303,0.009844814881579289
2022-01-14 00:00:00+00:00,-0.00113906450709933,-0.02238952727053445,0.018022525400859912
2022-01-19 00:00:00+00:00,-0.025365350332331227,0.010268362549095356,-0.019032274207858357
2022-01-20 00:00:00+00:00,-0.007915519962286788,-0.010373078921471435,-0.02250516794947066
2022-01-21 00:00:00+00:00,-0.006044487338267346,-0.01813190377960061,0.0018162446807676869
2022-01-24 00:00:00+00:00,0.0024324610225354704,-0.002539694133231629,-0.016212313119538302
2022-01-25 00:00:00+00:00,-0.016379501384528705,-0.02183668881381684,-0.00038452948544909216
2022-01-28 00:00:00+00:00,0.008774186366851344,0.026501450523485737,0.011180392910358217
2022-01-31 00:00:00+00:00,0.008449307614463386,0.017534633277135336,0.012520142155401759
2022-02-01 00:00:00+00:00,-0.0014785946422776197,0.019613780081453758,0.01723650782034114
2022-02-02 00:00:00+00:00,0.018015783168542798,0.012399669203923214,0.01461593418374818
2022-02-03 00:00:00+00:00,-0.006787849195075801,-0.03724677969217194,-0.008194557833035132
2022-02-04 00:00:00+00:00,0.00207466638857956,0.00261406398600017,-0.0025362639399723053
2022-02-07 00:00:00+00:00,-0.016684968169508374,-0.020032157965229613,-0.009410444117208483
2022-02-08 00:00:00+00:00,0.0006193095501709767,0.0069616532267040565,-0.009407263516307274
2022-02-09 00:00:00+00:00,0.032924817459726086,0.029547786437423174,0.0045680048830081255
2022-02-10 00:00:00+00:00,-0.019173139995600663,-0.039777600215424314,0.002606014732121187
2022-02-11 00:00:00+00:00,-0.02565667090128365,-0.028195999247459635,-0.019998181742126753
2022-02-14 00:00:00+00:00,-0.010031386228938066,0.00018338243231275086,0.010500832038555563
2022-02-15 00:00:00+00:00,0.010386316992029743,0.027633924172890234,0.02251089355959146
2022-02-16 00:00:00+00:00,-0.0072708314663137985,-0.0007581081197863826,-0.0012310626831589788
2022-02-17 00:00:00+00:00,-0.04621800163243406,-0.013834989075668935,-0.007579173308914333
2022-02-18 00:00:00+00:00,-0.012710169468926225,-0.0026700291199317494,0.002563276596647901
2022-02-23 00:00:00+00:00,-0.022261217818897006,-0.005221039884782508,-0.006301543088057637
2022-02-24 00:00:00+00:00,0.032289172050160575,0.001161170443364501,-0.04549922674188589
2022-02-25 00:00:00+00:00,0.020585496134004844,-0.009881720494808066,0.03501245015666954
2022-02-28 00:00:00+00:00,-0.004977043366238831,0.00885577455657316,0.00950080271870335
2022-03-03 00:00:00+00:00,-0.000383224064444021,-0.03008660448863809,-0.0004934929566410284
2022-03-04 00:00:00+00:00,-0.022492040079622577,-0.026160801449637394,-0.005656755795033774
2022-03-07 00:00:00+00:00,-0.028369698386057296,-0.07640745618818057,-0.011193608529054822
2022-03-08 00:00:00+00:00,-0.01332074633792657,-0.009658959194875472,0.033013874731595116
2022-03-09 00:00:00+00:00,0.03777439757124523,0.08948647716272617,0.009069611224385543
2022-03-10 00:00:00+00:00,0.0072273727041511915,-0.02407442078418076,-0.003207109555464549
2022-03-11 00:00:00+00:00,0.015264163674547193,-0.013007927437248656,-0.0060205330430125326
2022-03-14 00:00:00+00:00,-0.00963762532692325,0.01302176827134871,0.012183459662987284
2022-03-15 00:00:00+00:00,0.04580250153463972,0.011765948057001596,-0.013477929633886943
2022-03-16 00:00:00+00:00,-0.007940439227848484,0.07018441169276657,0.017251454321130844
2022-03-17 00:00:00+00:00,0.008003994459433672,0.0030158204941101996,0.004609015045911935
2022-03-22 00:00:00+00:00,0.010375543191505132,0.02336901927537882,0.020473157691473176
2022-03-23 00:00:00+00:00,-0.017237207940166144,-0.021234495596762826,0.0030937870878933182
2022-03-24 00:00:00+00:00,0.023012793732640757,0.025206802536535067,0.010087866689377112
2022-03-25 00:00:00+00:00,-0.006201295234476323,0.0010322880337068074,-0.011307157721018313
2022-03-28 00:00:00+00:00,0.02288015466022686,0.0051561175700660655,6.743179362977969e-05
2022-03-29 00:00:00+00:00,0.008253617870816576,0.03940494708094899,-0.0006337766126092159
2022-03-30 00:00:00+00:00,-0.011033340788639934,-0.007627066951847894,0.007070843639970015
2022-03-31 00:00:00+00:00,-0.007557548570120032,-0.014015127579452114,0.002251049090548296
2022-04-01 00:00:00+00:00,-0.008703024193009168,0.013709961682660587,0.005026818292644286
2022-04-04 00:00:00+00:00,0.02511885751657217,0.04681559055095286,0.003086158338875933
2022-04-05 00:00:00+00:00,-0.01344114734768509,-0.024413403946305534,0.011789343169883892
2022-04-06 00:00:00+00:00,-0.009886661088580495,-0.024714331921443677,-0.015584028103946768
2022-04-07 00:00:00+00:00,-0.007062856936872475,0.00544957749715258,-0.01895966912830227
2022-04-08 00:00:00+00:00,-0.007358332933337541,-0.008536582844406504,0.00040714955682052967
2022-04-11 00:00:00+00:00,-0.014578703602461607,0.005694501531961382,0.002916717616929354
2022-04-12 00:00:00+00:00,-0.005391177202344388,0.004303371220648611,-0.0014337747071521134
2022-04-13 00:00:00+00:00,0.005294316894631557,0.007938272759638432,-0.007897414243218326
2022-04-19 00:00:00+00:00,0.01713112141368711,0.010657624052225145,-0.01591534862239996
2022-04-20 00:00:00+00:00,0.009175507533116356,-0.0054296911856719365,0.02445351216118352
2022-04-21 00:00:00+00:00,-0.010088398920881092,-0.02143114967100046,0.020200700778582714
2022-04-22 00:00:00+00:00,-0.04114247778495683,-0.029646330830724987,-0.004436871549726051
2022-04-25 00:00:00+00:00,0.010103717119947175,0.013826799916796695,-0.017812929035301406
2022-04-26 00:00:00+00:00,-0.032086270628626234,-0.03552515351041552,-0.0005354552646117394
2022-04-27 00:00:00+00:00,0.003355254232081606,0.010204607473774274,0.004201534596226297
2022-04-28 00:00:00+00:00,0.018459031754751498,0.02958292325047074,0.006486605069352613
2022-04-29 00:00:00+00:00,-0.03598631318274015,-0.02008964645789557,-0.010490220445842247
2022-05-02 00:00:00+00:00,0.008174365962506869,0.0039095644319337985,-0.0012124084042418604
2022-05-05 00:00:00+00:00,-0.03204355886253951,-0.04576152274572021,0.00967020686651332
2022-05-06 00:00:00+00:00,-0.004258312843309686,-0.02078589032460154,-0.022997611126931328
2022-05-09 00:00:00+00:00,-0.013105214184548797,-0.03689478939269697,0.0036415544031869196
2022-05-10 00:00:00+00:00,0.013838382039420116,0.0007872017065244652,-0.0018432258791464262
2022-05-11 00:00:00+00:00,-0.020681097824975625,-0.01158831018858375,-0.007778989458378738
2022-05-12 00:00:00+00:00,-0.004223503132745665,0.002599498637475106,-0.0009818574608001507
2022-05-13 00:00:00+00:00,0.0062207661689384075,0.026033113000376584,0.001833570527645767
2022-05-16 00:00:00+00:00,-0.020514249290928266,-0.032489314283834725,-0.011156945915010819
2022-05-17 00:00:00+00:00,0.031128936988161104,0.02537175252571955,0.0221511631563982
2022-05-18 00:00:00+00:00,-0.0498051521766012,-0.04782449021032498,-0.0008112321094284614
2022-05-19 00:00:00+00:00,-0.01844805387893811,0.028771110581112813,-0.05417829245268657
2022-05-20 00:00:00+00:00,0.023717128821255207,0.005518962389401416,0.009518861200482176
2022-05-23 00:00:00+00:00,0.02054500536992454,0.0009500102313131364,0.008730640753112695
2022-05-24 00:00:00+00:00,-0.014420361550945615,0.004534433163271068,-0.01016030706705806
2022-05-25 00:00:00+00:00,0.011589208545629281,0.002729314518218562,-0.03660282775433399
2022-05-26 00:00:00+00:00,0.026206527038079575,0.03130240366671022,0.018720518572538314
2022-05-27 00:00:00+00:00,0.015629291933454192,0.024566014784962453,0.01064475686825439
2022-06-01 00:00:00+00:00,-0.004449384079133534,-0.02974818185076733,-0.0027197367154950802
2022-06-02 00:00:00+00:00,0.02150839313333175,0.04604327746563919,0.020207454045904072
2022-06-03 00:00:00+00:00,-0.01845773154753627,-0.041287638808093385,0.0050101964194420034
2022-06-06 00:00:00+00:00,0.01643683368334603,0.018765470626771696,-0.002674287874957715
2022-06-07 00:00:00+00:00,-0.0038371765741102015,-0.010917372399790515,-0.01989244989618355
2022-06-08 00:00:00+00:00,-0.018021806905898052,0.0037141213720266464,0.012326390035908519
2022-06-09 00:00:00+00:00,-0.030260522777078358,-0.023036421959805264,0.006741828641770198
2022-06-10 00:00:00+00:00,-0.030049144674568096,-0.030034621049249588,-0.019608471710078512
2022-06-13 00:00:00+00:00,-0.046023180905286676,-0.05670450116635484,-0.04175713823784799
2022-06-14 00:00:00+00:00,0.10413735911230781,-0.01609232461800314,-0.0028109232679900398
2022-06-15 00:00:00+00:00,-0.014423137087875681,0.04811848958333331,-0.001323760706222643
2022-06-16 00:00:00+00:00,-0.01420370024556361,-0.015887361543329925,-0.02005428308296542
2022-06-17 00:00:00+00:00,-0.014408352160686477,0.011317943515654516,-0.01690009473464349
2022-06-22 00:00:00+00:00,-0.01699174823719618,-0.003686996165404799,0.0034247108974991836
2022-06-23 00:00:00+00:00,0.01653387185185684,0.010122452301233098,0.0266371178444873
2022-06-24 00:00:00+00:00,0.04539405322346157,0.034103775713805184,-0.004744907803490683
2022-06-27 00:00:00+00:00,-0.004101743969594618,-0.028550566103134,0.006559124495182589
2022-06-28 00:00:00+00:00,-0.0259906509852873,-0.007454678427537886,0.0010408034581397274
2022-06-29 00:00:00+00:00,0.009186311411451209,-0.0014589304683385595,-0.008332927431705106
2022-06-30 00:00:00+00:00,0.009536247230748085,-0.007142896658118847,-0.007111351570809887
2022-07-01 00:00:00+00:00,0.014312293698155232,0.02430786362394577,0.014691928182559932
2022-07-06 00:00:00+00:00,-0.0045838895881705755,-0.0008948214168249535,0.01382021282127277
2022-07-07 00:00:00+00:00,0.002372288030389802,0.01454090828262622,0.008311001351299474
2022-07-08 00:00:00+00:00,0.0005568831199729285,0.005504478985707717,-0.006813007229357293
2022-07-11 00:00:00+00:00,-0.004174245725516945,-0.015235305131643395,-0.04644073699225659
2022-07-12 00:00:00+00:00,-0.01620785297835803,-0.009544745832481105,-0.00934552546725076
2022-07-13 00:00:00+00:00,-0.005397029726572744,0.011966506933877907,-0.014896084513639218
2022-07-14 00:00:00+00:00,-0.008282191077606527,-0.01240056078765761,-0.013163307280954384
2022-07-15 00:00:00+00:00,0.01857452803761417,0.025006628983857526,-0.0013838773968319895
2022-07-18 00:00:00+00:00,-0.007492208019535762,0.008321706725555433,0.023008047851756697
2022-07-19 00:00:00+00:00,0.02891324320990951,0.019991766761730423,0.0035090582666883474
2022-07-20 00:00:00+00:00,0.004844940261226505,-0.017036885427871518,0.029454354339472966
2022-07-21 00:00:00+00:00,0.02686326871487732,0.03297713108547495,0.0039496966023584434
2022-07-22 00:00:00+00:00,0.004829629808557945,-0.007968722351279434,-0.001982830935482016
2022-07-25 00:00:00+00:00,-0.0005340576063075364,0.005887382017117027,-0.0013402712078208756
2022-07-26 00:00:00+00:00,-0.01108738744706761,-0.029562058904935018,-0.016057503009789253
2022-07-27 00:00:00+00:00,0.024854842599291382,0.025964743110303612,0.023412239673561874
2022-07-28 00:00:00+00:00,0.015421090372874868,0.0336771280302357,0.02246888381376455
2022-07-29 00:00:00+00:00,0.010384156449328996,0.01802491751583779,0.01269740909178041
2022-08-01 00:00:00+00:00,-0.0051386679766538546,0.009373720713804712,-0.000938809051547751
2022-08-02 00:00:00+00:00,-0.014075464009829952,-0.010177821675352194,-0.0021219837202581804
2022-08-03 00:00:00+00:00,0.013359584713111383,0.022081140117319986,0.014490537233224687
2022-08-04 00:00:00+00:00,0.00038773139759507025,0.001390834751981096,0.004626426462606581
2022-08-05 00:00:00+00:00,-0.0006460342477008219,-0.01879628499348962,0.00301050620821397
2022-08-08 00:00:00+00:00,-0.011376823151617588,0.007643649610862724,0.002793391541687118
2022-08-11 00:00:00+00:00,-0.004900660935404644,0.0012558338253996215,0.020347320563464333
2022-08-12 00:00:00+00:00,0.025790536149841392,0.002508446487738958,-0.0061212421247260895
2022-08-17 00:00:00+00:00,-0.0033953301617744014,-0.003676464771084409,0.0024759473591153824
2022-08-18 00:00:00+00:00,0.0008832769062991908,0.004683462065978583,-0.005836375609741373
2022-08-19 00:00:00+00:00,-0.00832067618827681,-0.0250977160314646,0.0013308687615527504
2022-08-22 00:00:00+00:00,-0.027968528797519765,-0.03129828022445691,-0.009215078246141872
2022-08-23 00:00:00+00:00,-0.0006538768370640824,0.006681274203242493,-0.020852260408608658
2022-08-24 00:00:00+00:00,-0.003141021877519967,0.00842007062121497,-0.008905193670569411
2022-08-25 00:00:00+00:00,0.009452556623490427,0.016306443840388374,-0.011412028006180353
2022-08-26 00:00:00+00:00,-0.029132499434914805,-0.044123356676999737,0.001242930849757684
2022-08-29 00:00:00+00:00,-0.00616207736195673,0.0060671027239243,-0.02782257578743541
2022-08-30 00:00:00+00:00,-0.0006739863878195695,-0.017890410166881976,0.025091332074655526
2022-09-02 00:00:00+00:00,-0.00823376788120278,-0.013773605074371753,-0.0004151256021952543
2022-09-07 00:00:00+00:00,0.00893940154877848,0.025847113271274313,0.007211284909423021
2022-09-08 00:00:00+00:00,0.0021479885447439617,-0.007988925715477935,0.006365825522554491
2022-09-09 00:00:00+00:00,0.016878795853656703,0.010789304968523483,0.015143628311917734
2022-09-12 00:00:00+00:00,0.015412964201045432,0.03151173683748265,0.007862896709084577
2022-09-13 00:00:00+00:00,-0.01349248690739313,-0.03193542065286192,-0.004193667407882962
2022-09-14 00:00:00+00:00,-0.05155179013345923,0.020969674484116352,-0.033737498883001926
2022-09-15 00:00:00+00:00,-0.02606773171402299,-0.01492834285357858,-0.00514350890584403
2022-09-16 00:00:00+00:00,-0.020073976019326367,0.0013221852504217146,-0.030811649290648613
2022-09-19 00:00:00+00:00,0.003486820534432278,0.007821272689990444,0.00668065875044177
2022-09-20 00:00:00+00:00,-0.013898929907547042,-0.022374533293594623,0.0037968831928834046
2022-09-21 00:00:00+00:00,-0.019967708092266,-0.007835073569386286,-0.012860604883824234
2022-09-22 00:00:00+00:00,-0.010786535141619868,-0.017404358474054415,0.0020658240946105355
2022-09-23 00:00:00+00:00,-0.022413989927304145,-0.01522764663701559,-0.008429159519447116
2022-09-26 00:00:00+00:00,-0.017041088099350676,0.0009664036283556499,0.004141397130634328
2022-09-27 00:00:00+00:00,-0.01623329521842587,0.014804537220708403,0.007697718935297582
2022-09-28 00:00:00+00:00,0.010413353812020576,0.010782775304232217,0.006031566874806549
2022-09-29 00:00:00+00:00,-0.026478487030694553,-0.025152944967100965,-0.012633160854951031
2022-09-30 00:00:00+00:00,-0.005374622522046679,-0.007617198706645345,0.002418843586525332
2022-10-03 00:00:00+00:00,0.032913085742176884,0.009189172693200964,-0.006523471846939133
2022-10-04 00:00:00+00:00,0.04137603891232988,0.03792181010596063,0.03557846962565714
2022-10-07 00:00:00+00:00,-0.030781041995316727,-0.030804718841150658,-0.011944115608354067
2022-10-10 00:00:00+00:00,-0.011376223894578597,-0.015621618322424036,0.017504697769525235
2022-10-11 00:00:00+00:00,-0.0025571335814684737,0.005710797225013664,-0.01571243021044766
2022-10-12 00:00:00+00:00,0.021951593258040525,-0.0035489703420451546,0.010164340269931849
2022-10-13 00:00:00+00:00,0.022264004329304754,0.005205462730094146,0.0008223974290493263
2022-10-14 00:00:00+00:00,-0.013650298026163243,-0.015371992980873772,-0.0013373332965151974
2022-10-17 00:00:00+00:00,0.04213962350105116,0.044067935779785516,0.0040656625375625755
2022-10-18 00:00:00+00:00,0.00014924107328351255,0.012885136973100897,0.01058888123142121
2022-10-19 00:00:00+00:00,-0.010890582438210172,-0.018060919647563733,-0.007266147445040061
2022-10-20 00:00:00+00:00,0.044494672887710696,-0.00485154143293498,0.011355430293878976
2022-10-21 00:00:00+00:00,0.04981945051613268,0.00916099550803362,-0.006302900002095546
2022-10-24 00:00:00+00:00,0.0030261517185448117,0.01783723893107947,0.00774528258573981
2022-10-25 00:00:00+00:00,0.0030170217529821297,0.024930886589543233,0.00012656054987969512
2022-10-28 00:00:00+00:00,0.0294078381849614,0.012023030674372492,0.0018528212571069513
2022-10-31 00:00:00+00:00,0.009177857793057687,-0.009463829256411094,0.009452272929344918
2022-11-01 00:00:00+00:00,-0.012296645167481635,0.0009656067351768716,0.0208415047409074
2022-11-02 00:00:00+00:00,-0.02580726038150727,-0.027264470922657047,-0.005521980633072965
2022-11-03 00:00:00+00:00,-0.0011981358359208771,0.004854157066374931,-0.010781365239938556
2022-11-04 00:00:00+00:00,0.012928178548375246,0.034697654932146715,0.003321089060185578
2022-11-07 00:00:00+00:00,0.009736813996967575,0.0034638677308089783,0.005066217853817667
2022-11-10 00:00:00+00:00,0.0199576319554442,0.05613180430915943,-0.0032338260681498143
2022-11-11 00:00:00+00:00,0.00738628622973847,0.019078935622036886,0.03440801465795795
2022-11-14 00:00:00+00:00,0.010162090779983535,-0.018906234861090887,0.005895761129089294
2022-11-15 00:00:00+00:00,0.008277111116551605,0.012596390316621298,-0.0008694055894917785
2022-11-16 00:00:00+00:00,0.008966899238900927,-0.006962495279436154,0.0068265016303634685
2022-11-17 00:00:00+00:00,-0.008636906329675842,-0.00182293813778589,-0.0018925290868113676
2022-11-18 00:00:00+00:00,0.006692000367598094,0.013018022662463213,-0.0016572256877053215
2022-11-21 00:00:00+00:00,0.001128763753937445,-0.0102159048451963,-0.017930566345359167
2022-11-22 00:00:00+00:00,0.028814871718258805,0.010461449394009614,0.00957817912954928
2022-11-23 00:00:00+00:00,0.005357949309494403,0.005684949732248201,-0.002006034010075819
2022-11-28 00:00:00+00:00,-0.016078358455364872,-0.010039435442990019,0.0016521168314100887
2022-11-29 00:00:00+00:00,-0.00663473300868489,-0.003380392395717524,0.0006185399178999518
2022-11-30 00:00:00+00:00,0.026963516961272083,0.03638138549690462,-0.0019279875902821209
2022-12-01 00:00:00+00:00,0.013007368986303947,0.02255099175286568,0.02502354969145104
2022-12-02 00:00:00+00:00,-0.00903581180258528,-0.0065766397227192686,-0.010501633083178752
2022-12-05 00:00:00+00:00,-0.04703057277394451,-0.012799051689635799,-0.00385269626978757
2022-12-06 00:00:00+00:00,-0.006546602556572356,-0.011534275110627545,-0.01183624911508907
2022-12-07 00:00:00+00:00,-0.0016475082597787738,-0.00461331634691764,-0.0014031045129685449
2022-12-08 00:00:00+00:00,0.016374726269561046,0.0011359505539805248,-0.008888968810288556
2022-12-09 00:00:00+00:00,-0.002622693708917656,0.0017700693796003364,-0.01725091342788354
2022-12-12 00:00:00+00:00,0.01778109389046567,0.008200423833741644,-0.0019133091877989727
2022-12-13 00:00:00+00:00,-0.00885828286806667,0.013301607559001116,0.01389041280488601
2022-12-14 00:00:00+00:00,0.015640543376556515,-0.001374840613023176,0.009978691823630204
2022-12-15 00:00:00+00:00,-0.021388413670584527,-0.012345673992891437,-0.01790304076891147
2022-12-16 00:00:00+00:00,-0.0061196186541412345,-0.019289538686451446,-0.019621220459325017
2022-12-19 00:00:00+00:00,0.011560670366638437,-0.009077968557142269,-0.011789198725985606
2022-12-20 00:00:00+00:00,0.0054658688373447895,-0.009438803029815257,0.013085336489067068
2022-12-21 00:00:00+00:00,0.006918674841888572,-0.000887488648028123,0.007583377680461245
2022-12-22 00:00:00+00:00,-0.012392664248226604,-0.006264592688764226,-0.002707652483223577
2022-12-23 00:00:00+00:00,0.004472612994236513,-0.007292073153748246,-0.009617404664608697
2022-12-28 00:00:00+00:00,-0.008026691762581306,-0.008254716981132115,-0.0007362792893849113
2022-12-29 00:00:00+00:00,0.013320050671411288,0.030154560465591507,0.0035767713593244377
2022-12-30 00:00:00+00:00,0.004176859109548348,-0.0109423110820418,-0.0036864394120459387
2023-01-04 00:00:00+00:00,0.009077904027102734,0.019965655148100225,0.000996513382814923
2023-01-05 00:00:00+00:00,-0.0020123791617474573,-0.01634267932724065,-0.0010709440791891733
2023-01-06 00:00:00+00:00,0.016012408286186997,0.03702332438082312,-0.030065550992732337
2023-01-09 00:00:00+00:00,0.008872221274164094,0.020930035715290174,0.033753141223286987
2023-01-10 00:00:00+00:00,0.0009257328482961125,0.013900391731400008,-0.01010558873524059
2023-01-11 00:00:00+00:00,0.024277439007180268,0.007587884409490764,0.01287124211449675
2023-01-12 00:00:00+00:00,0.0020316061882139635,0.009113814397477604,0.0016974033608483374
2023-01-13 00:00:00+00:00,0.004730774664566173,0.00033922079501769176,0.012056307824463985
2023-01-18 00:00:00+00:00,-0.02133182192097305,0.007777709992299986,0.003433607030417729
2023-01-19 00:00:00+00:00,-0.008880136676235884,-0.007175341756826326,-0.004985221930309702
2023-01-20 00:00:00+00:00,0.015243164084000504,0.018446150209339596,-0.002964631855114086
2023-01-23 00:00:00+00:00,0.019713481039577374,0.005198425948729213,0.015402397544931556
2023-01-24 00:00:00+00:00,0.008204964791763913,0.0016417414935414598,0.0062666980281580464
2023-01-25 00:00:00+00:00,-0.0006688691263654345,0.0063104760993673015,-0.0019061341370230078
2023-01-30 00:00:00+00:00,-0.018429030554186876,-0.00973514586480928,0.00662548282555675
2023-01-31 00:00:00+00:00,0.012707505778382089,0.00023879625310940789,-0.021828070217850493
2023-02-01 00:00:00+00:00,0.01797427067308499,0.007998128944935345,0.01478254896423592
2023-02-02 00:00:00+00:00,-0.0074403750764422405,0.04800253951732314,0.015271261224981458
2023-02-03 00:00:00+00:00,0.0026852260073759737,-0.020491194124918177,0.006328790631840553
2023-02-06 00:00:00+00:00,-0.012162507630884112,0.004883821611828987,-0.0064181998514950545
2023-02-07 00:00:00+00:00,-0.00892353921179645,0.021430508422319194,0.003641699398565734
2023-02-08 00:00:00+00:00,-0.01196712386514498,-0.0013113262849402396,0.013693121239295447
2023-02-09 00:00:00+00:00,-0.00046142478256794295,-0.000937875158649959,0.005894718736497273
2023-02-10 00:00:00+00:00,0.005654908887949617,-0.02489581669330221,-0.0009319933736560149
2023-02-13 00:00:00+00:00,0.026164778463008798,0.01447939722610636,-0.01558992684856697
2023-02-14 00:00:00+00:00,-0.003690470116440858,0.008237104805823403,0.005082757813250405
2023-02-15 00:00:00+00:00,-0.008418453595569586,0.006099264802192472,0.005871204855329992
2023-02-16 00:00:00+00:00,-0.007018283256613356,-0.005051850645565015,0.010623080261254358
2023-02-17 00:00:00+00:00,-0.0050159876343276455,0.003761095161859851,-0.015991946629057563
2023-02-22 00:00:00+00:00,0.0013921432810963807,-0.008371315797724654,-0.014329165798862675
2023-02-23 00:00:00+00:00,0.026181674515992626,0.005947765758505197,0.0036012993559275674
2023-02-24 00:00:00+00:00,0.0009031590584889226,-0.011596447132179888,-0.003910626710791898
2023-02-27 00:00:00+00:00,-0.007895381781220068,0.008683571175179372,-0.020173757738144005
2023-02-28 00:00:00+00:00,-0.00636650255141491,-0.0037878416355255906,-0.00570253746210414
2023-03-01 00:00:00+00:00,-0.012128205600481778,0.009025641001598306,0.021990084479573735
2023-03-02 00:00:00+00:00,0.007296790705746403,0.007079724965439516,-0.018976873593822607
2023-03-03 00:00:00+00:00,0.026215922125963242,0.02596577966372071,0.006232203247431567
2023-03-06 00:00:00+00:00,0.005490172143076011,-0.0040155712155113266,0.008886553918982631
2023-03-09 00:00:00+00:00,-0.01830709861335389,-0.018467740557358336,-0.01579453935521924
2023-03-10 00:00:00+00:00,-0.03223210502163798,-0.013034539009071144,-0.0017531796409910871
2023-03-13 00:00:00+00:00,0.010229577893105635,-0.004478862988661736,-0.014725322374099403
2023-03-14 00:00:00+00:00,-0.004356561229865941,0.010920542815319845,-0.020414692788376154
2023-03-15 00:00:00+00:00,-0.018684889395430004,-0.025142584652037447,-0.004992316854660395
2023-03-16 00:00:00+00:00,0.02217397280614697,0.031487676216711113,-0.00434521328209303
2023-03-17 00:00:00+00:00,0.005187484590772673,-0.019518737443070977,-0.0017896236018445366
2023-03-20 00:00:00+00:00,0.019938973793665715,0.012654315682196104,-0.01132324708178123
2023-03-21 00:00:00+00:00,0.007129746470900589,0.01584883986585206,-0.011834680302233225
2023-03-22 00:00:00+00:00,0.0036537986770257547,-0.005513055580353532,0.007952078296032061
2023-03-23 00:00:00+00:00,-0.0013652189362783895,0.003582538150423309,-0.001964400916205755
2023-03-24 00:00:00+00:00,0.0026202251097300344,-0.0028182775205212174,-0.0013281175406681944
2023-03-27 00:00:00+00:00,0.02420176345548719,0.003014727833844155,0.0005768462836484023
2023-03-28 00:00:00+00:00,-0.0032172278399266174,0.0005259199902223344,-0.0020498178856247495
2023-03-29 00:00:00+00:00,0.008569886316500241,0.0096128481170914,0.007381495144532568
2023-04-03 00:00:00+00:00,0.010761945971865083,0.0,-0.0018403264367164995
2023-04-06 00:00:00+00:00,0.010854661038276259,0.005137736873605636,-0.005895455697384366
2023-04-10 00:00:00+00:00,-0.022518724707546456,0.003861100917637028,0.013257972434326915
2023-04-11 00:00:00+00:00,0.002239751276536195,0.004505699953584852,-0.015198827909507107
2023-04-12 00:00:00+00:00,-0.0007449153337756309,0.008788577242291318,0.008665708224685709
2023-04-13 00:00:00+00:00,0.017571900948523123,0.02281024273294885,-0.016287941720457
2023-04-18 00:00:00+00:00,0.009206035323004569,-0.001565622075249573,-0.00278706800445927
2023-04-19 00:00:00+00:00,-0.006841543005679296,-0.007020674190493015,-0.01314378418709572
2023-04-20 00:00:00+00:00,-0.010228533060338885,-0.009439058381090826,0.004919714749946236
2023-04-21 00:00:00+00:00,0.0033744562759190355,0.007355068040930668,0.018052708047747057
2023-04-24 00:00:00+00:00,0.0030478288058510827,0.00776895900295993,0.0044133542372726264
2023-04-25 00:00:00+00:00,-0.014459396977276162,-0.010635679218966132,0.0003779611797340987
2023-04-26 00:00:00+00:00,-0.0037210130045247647,-0.006493228413307128,0.006974150612012009
2023-04-27 00:00:00+00:00,0.014192741906397632,0.010275540229604863,-0.003189328669178426
2023-04-28 00:00:00+00:00,-0.0033670001235441838,0.001437695615664536,0.009818237208090164
2023-05-03 00:00:00+00:00,-0.00021101552549540603,0.006744564063288605,-0.0122693673349632
2023-05-04 00:00:00+00:00,0.0020046681140890588,0.05096525410575947,0.012830607906259228
2023-05-05 00:00:00+00:00,0.021059281607801017,0.017204115516858298,0.0031049151276452136
2023-05-08 00:00:00+00:00,-0.0018562473229849497,0.000539077738032745,0.006159701236617909
2023-05-09 00:00:00+00:00,-0.006715585491585907,-0.009361210788529584,0.010044269169650066
2023-05-10 00:00:00+00:00,0.014354038508206601,-0.006832352387723728,0.0010812605887839943
2023-05-11 00:00:00+00:00,-0.0008202851149897716,0.004894218329891009,-0.0014147944551823333
2023-05-12 00:00:00+00:00,0.004207676749201417,0.009059649858039975,-0.0023916803769442607
2023-05-15 00:00:00+00:00,-0.006029599868074276,-0.011037192881257263,-0.005879119113378017
2023-05-16 00:00:00+00:00,0.01017887972470799,-0.0013651668821992313,0.0009523213066235936
2023-05-17 00:00:00+00:00,0.015470703746222947,0.002494806744780975,-0.015177310023796964
2023-05-18 00:00:00+00:00,0.025759244074333942,0.006238765805121282,-0.0027580807337229674
2023-05-19 00:00:00+00:00,0.004885675375140508,0.01043497267262361,0.007187836710490503
2023-05-22 00:00:00+00:00,-0.010404509266109141,0.011031413132545964,0.02353502372660321
2023-05-23 00:00:00+00:00,-0.03173819233646524,-0.038569976220923285,-0.0005001674502598252
2023-05-24 00:00:00+00:00,-0.0022326082672935454,-0.010141436713710483,0.0019108138289753995
2023-05-25 00:00:00+00:00,0.06072011024444102,-0.001254479238506856,-0.0029818509588913633
2023-05-26 00:00:00+00:00,-0.0020136070824541275,0.014515015957839328,0.010748414253453742
2023-05-31 00:00:00+00:00,0.00751308515514304,-0.002401071683602707,-0.008051369508777606
2023-06-01 00:00:00+00:00,0.0004719220427706894,0.02239502776517166,0.010487916096671324
2023-06-02 00:00:00+00:00,-0.0009434708570296158,0.018799719657687453,-0.0055354700191786455
2023-06-05 00:00:00+00:00,0.009821521593369686,-0.007267291973805601,-0.00505209184993094
2023-06-06 00:00:00+00:00,0.0015898079908365226,0.0023277079190868744,-0.017209357291564475
2023-06-07 00:00:00+00:00,-0.01727356209597064,-0.008717004511490711,0.013179424209416979
2023-06-08 00:00:00+00:00,0.021187680350913007,0.012596310971562996,-0.011740801953781133
2023-06-09 00:00:00+00:00,0.022050567949062128,-0.0014753301227661275,-0.008388791037513
2023-06-12 00:00:00+00:00,0.05989988095088439,0.009335120528042307,0.011715904696837143
2023-06-13 00:00:00+00:00,0.0021472129120048145,-0.0015636477533413906,-0.000985540444152666
2023-06-14 00:00:00+00:00,0.0479087789104391,0.008930136697117508,0.002265961021947982
2023-06-15 00:00:00+00:00,0.035004551616908186,0.010964618094880363,-0.01068885420958865
2023-06-16 00:00:00+00:00,-0.008613227506911625,0.006239599338504931,-0.012871978937244788
2023-06-21 00:00:00+00:00,0.0004916220759068057,0.006989757333623281,0.009449453313938427
2023-06-22 00:00:00+00:00,-0.012448785111070837,-0.0032759626598658498,-0.0060462683282496155
2023-06-23 00:00:00+00:00,-0.01608892363531722,0.0007484150553380697,-0.006839556073413577
2023-06-26 00:00:00+00:00,-0.015677685602836,-0.0033493718005143114,-0.008301395837460701
2023-06-27 00:00:00+00:00,0.009076875917741978,0.024796914567108308,0.0024141192758622143
2023-06-28 00:00:00+00:00,-0.011116748127159681,0.012321293776654585,0.005660891977044669
2023-07-03 00:00:00+00:00,-0.016290157625896917,0.002029469202825984,-0.009069558989136195
2023-07-06 00:00:00+00:00,-0.004398086756269737,-0.020249400920533955,0.0008885529044899698
2023-07-07 00:00:00+00:00,-0.00727584547505189,0.003061880709392284,0.0019110108167179618
2023-07-10 00:00:00+00:00,-0.0020068349682289544,0.012083113703284853,-0.017211098243786083
2023-07-11 00:00:00+00:00,0.004371393705249194,0.00031419806098464953,0.00013751774281067775
2023-07-12 00:00:00+00:00,0.009923393252993185,0.013473971638465754,-0.0038198265410799292
2023-07-13 00:00:00+00:00,0.012325464114390172,0.002107328285656962,0.024740068376452484
2023-07-14 00:00:00+00:00,0.015495953530132889,0.016761546490799306,0.052117121722723425
2023-07-17 00:00:00+00:00,-0.0031860255228745027,-0.0002129306055072,-0.0065297972229242385
2023-07-18 00:00:00+00:00,0.01581291330700152,-0.007270798554920077,0.0014749682264785235
2023-07-19 00:00:00+00:00,-0.017222772704114098,-0.016027245859711492,-0.0076640542430136405
2023-07-20 00:00:00+00:00,-0.023675163284081147,-0.007567948872577501,-0.0019452169003382203
2023-07-21 00:00:00+00:00,0.015274459047406763,-0.0020397724503059544,-0.027430484988485215
2023-07-24 00:00:00+00:00,0.0035698951423550618,-0.0026728910330278133,0.007852611343540206
2023-07-25 00:00:00+00:00,-0.0010163695002304296,-0.003310689552348256,0.0012960902404448582
2023-07-26 00:00:00+00:00,-0.020771488017225392,0.0039227509709129915,-0.00319193146149388
2023-07-27 00:00:00+00:00,0.007792221003280586,-0.0002521414473131145,0.0025381027039206305
2023-07-28 00:00:00+00:00,-0.003522368185005731,0.014341155697366714,-0.012217021753089141
2023-07-31 00:00:00+00:00,0.01069062432969825,-0.004443454860594165,0.019684702494623396
2023-08-01 00:00:00+00:00,0.005800565432940941,-0.008645773602805717,0.008943605223793893
2023-08-02 00:00:00+00:00,-0.018658336946042353,-0.01278256287704993,-0.003302427926340501
2023-08-03 00:00:00+00:00,-0.01002502844951203,0.0019135288563187913,-0.01182914633196197
2023-08-04 00:00:00+00:00,-0.0009602846566653112,-0.008626150444003722,0.012823746902868915
2023-08-07 00:00:00+00:00,0.014505382709728343,0.0025364520673663016,0.011761118446291352
2023-08-08 00:00:00+00:00,-0.007493498093209872,-0.004035291082033043,-0.003860435695061004
2023-08-09 00:00:00+00:00,-0.01848481142723435,0.0020257712488860324,-0.0023339184660658985
2023-08-10 00:00:00+00:00,-0.0009725960374502574,0.01010886865678784,-0.005891668546931461
2023-08-11 00:00:00+00:00,0.000619521162471548,-0.011341997755296318,0.0019464719159205668
2023-08-14 00:00:00+00:00,0.022200620824617046,0.014075017990454963,0.0003044678767276654
2023-08-17 00:00:00+00:00,-0.003988200963047417,-0.023361228728442374,-0.006549243286873896
2023-08-18 00:00:00+00:00,0.013753498161819255,-0.0008822594058057742,-0.01998105285418028
2023-08-21 00:00:00+00:00,0.0011162395194910246,0.020343421817508256,0.010260997203958677
2023-08-22 00:00:00+00:00,-0.0004288139972008498,-0.004519677073411499,-0.00573251232778671
2023-08-23 00:00:00+00:00,0.01115492888407954,0.0071806124544657735,0.004760314628601492
2023-08-24 00:00:00+00:00,-0.04183632746936916,-0.016816425147638814,-0.003089825645552824
2023-08-25 00:00:00+00:00,0.02789827113911847,0.01212893376624713,-0.0019039041168548154
2023-08-28 00:00:00+00:00,0.006720651350204276,0.00658609435408164,-0.00170052935763354
2023-08-29 00:00:00+00:00,0.032608741076729286,0.02323576916161252,0.00017770541302830622
2023-08-30 00:00:00+00:00,0.0038955757543219782,-0.0009357365993808431,0.004383706072366822
2023-08-31 00:00:00+00:00,-0.006027108160333916,-0.007961591815279001,-0.010070895423256898
2023-09-01 00:00:00+00:00,0.004485430004693258,-0.02964682822331488,0.0066729927365110075
2023-09-06 00:00:00+00:00,0.0028230235896467004,-0.008716464741183594,0.0001603232892073425
2023-09-07 00:00:00+00:00,0.006112720145123651,-0.01229711778326037,0.007390914714137109
2023-09-08 00:00:00+00:00,0.009832947421400062,-0.005354951831580634,-0.0038637139588307834
2023-09-11 00:00:00+00:00,0.003087392262433708,0.018472997709461758,0.011258316946873848
2023-09-12 00:00:00+00:00,-0.13495382051673122,-0.015065407919043539,0.02877340419010177
2023-09-13 00:00:00+00:00,0.020344819953668214,0.003119524657900552,-0.0036164965916243297
2023-09-14 00:00:00+00:00,0.01627331351764494,0.012105085378808722,-0.002186204188693086
2023-09-15 00:00:00+00:00,0.002199542424291989,-0.0056497898595578855,0.010744230972986157
2023-09-18 00:00:00+00:00,-0.014924102563278252,-0.004253052949358294,0.0021815450098947586
2023-09-21 00:00:00+00:00,-0.03047756142196445,-0.03743684989202334,-0.005754218526929034
2023-09-22 00:00:00+00:00,-0.0036553186947216876,-0.011386655831602699,0.005118080290552829
2023-09-25 00:00:00+00:00,-0.00669536582327912,-0.0004857403241543823,-0.00735365552096634
2023-09-26 00:00:00+00:00,-0.03157900001817526,-0.008226008252700923,0.00239018466140406
2023-09-27 00:00:00+00:00,-0.002478971335284519,0.006544394138369158,0.0010040153122887752
2023-09-28 00:00:00+00:00,0.01462434275597313,0.023747496393405898,-0.014640751152939169
2023-09-29 00:00:00+00:00,-0.00216677676521293,0.003735926145886026,-0.002304347874107604
2023-10-04 00:00:00+00:00,0.024492970438285022,0.01711087677404466,0.006801628322076425
2023-10-05 00:00:00+00:00,0.011860259818356589,0.0012016952286169058,0.014585569261889697
2023-10-06 00:00:00+00:00,0.014859258265113029,0.01816963316438014,0.008929138650595192
2023-10-09 00:00:00+00:00,0.0032739233662142375,-0.016011736177430458,0.004680564358973349
2023-10-10 00:00:00+00:00,-0.005529374655900976,0.015640017093336622,-0.002597384819725712
2023-10-11 00:00:00+00:00,-0.0006380429806613908,0.015104406795998226,-0.005235746510320882
2023-10-12 00:00:00+00:00,-0.004833991082153544,-0.002420760384319376,-0.018656986436631606
2023-10-13 00:00:00+00:00,-0.007881959541204298,0.009544703852025771,0.007988609458739138
2023-10-16 00:00:00+00:00,0.004249414175267141,0.009678929676257608,-0.013106136507618271
2023-10-17 00:00:00+00:00,0.003035616169937194,-0.01736287795942959,-0.0048239950524122666
2023-10-18 00:00:00+00:00,-0.0072450560243424444,-0.01964020074940931,-0.005645784506195239
2023-10-19 00:00:00+00:00,0.0008313749458719322,-0.0069194228920557155,-0.009061609479174115
2023-10-20 00:00:00+00:00,-0.05990398821436671,0.001028559486137448,0.011256969769417813
2023-10-23 00:00:00+00:00,0.017771283408003047,0.005502065221635322,-0.02415193524347381
2023-10-26 00:00:00+00:00,-0.010154774486817342,-0.007350279726625497,-0.015737027261564784
2023-10-27 00:00:00+00:00,0.005876457459401019,0.0038033217950430576,0.004255623337641401
2023-10-30 00:00:00+00:00,0.00653533692514463,0.003856036922341488,0.008236499517576545
2023-10-31 00:00:00+00:00,0.017215936780428542,0.007515280703807248,-0.002900667057314732
2023-11-01 00:00:00+00:00,0.022727257634836073,0.011072789337261524,-0.011309862012987004
2023-11-02 00:00:00+00:00,0.010591042520870175,0.06046298700616437,0.008842176805126334
2023-11-03 00:00:00+00:00,0.011041454803495165,0.024704687102365508,-0.0027380717970031387
2023-11-06 00:00:00+00:00,0.009810250149516309,0.006306376738167252,0.008758870306964761
2023-11-07 00:00:00+00:00,-0.0010998327001260355,-0.00038981973856822005,-0.0028992082917314033
2023-11-08 00:00:00+00:00,0.03064505030507436,0.011548748117425012,0.003293357805948416
2023-11-09 00:00:00+00:00,-0.0013353647594923634,-0.003943972977436649,-0.010084161749451925
2023-11-10 00:00:00+00:00,0.00793367255506583,0.01092614472031106,-0.00418228807128207
2023-11-13 00:00:00+00:00,0.009551621420090362,0.0050653823567845535,-0.0005699507631972134
2023-11-16 00:00:00+00:00,0.00534806788890374,0.0066253899521426796,0.02747996577455858
2023-11-17 00:00:00+00:00,0.006017288326713555,0.015056033516663403,0.0013150516423523495
2023-11-20 00:00:00+00:00,0.013522863647191796,0.013858771740080211,0.004896614290986978
2023-11-21 00:00:00+00:00,-0.007184368380478978,-0.008865862212869446,-0.002670799586190098
2023-11-22 00:00:00+00:00,0.0013783255529897787,0.008751291074683865,0.0056834230099098715
2023-11-29 00:00:00+00:00,-0.0002580762203043818,-0.005023422057529703,0.012564326868646836
2023-11-30 00:00:00+00:00,0.0,-0.02035920992106921,-0.0074421635983635825
2023-12-01 00:00:00+00:00,0.008174895319861042,-0.005488080197231793,0.006895803421860691
2023-12-04 00:00:00+00:00,-0.011778805391577607,-0.00938394822705857,0.00022782704722112967
2023-12-05 00:00:00+00:00,-0.010796337996019423,0.02431844596117605,0.005452076684533402
2023-12-06 00:00:00+00:00,-0.021828342151802405,-0.0015459296976886305,0.02052893815698864
2023-12-07 00:00:00+00:00,0.007498027103793881,0.005723311673682563,0.0029965329471628444
2023-12-08 00:00:00+00:00,0.006556196028726813,0.008247422680412342,0.003264280933608754
2023-12-11 00:00:00+00:00,0.013379074332369179,0.014205839004984622,0.004466857305534866
2023-12-12 00:00:00+00:00,-0.1243811346864172,-0.001639921942078515,0.008015645802870841
2023-12-13 00:00:00+00:00,0.021624842356619434,-0.0039047049500439135,-0.021391042384236836
2023-12-14 00:00:00+00:00,-0.02602194738095598,-0.016355739099205846,0.020508953589197576
2023-12-15 00:00:00+00:00,0.030007000393676986,-0.02569741911961254,0.052832503919830964
2023-12-18 00:00:00+00:00,0.016260165603348753,-0.021410426905192126,-0.0004662131126974556
2023-12-19 00:00:00+00:00,0.011904761904761862,0.005044535993561361,-0.01114220577944991
2023-12-20 00:00:00+00:00,-0.019764691521139688,-0.027505295236514682,-0.009472748494912864
2023-12-21 00:00:00+00:00,0.016418617949302217,-0.008906772837510957,0.0019708604583648093
2023-12-22 00:00:00+00:00,0.0032117545430787597,-0.004255297508483302,0.009636963696369572
2023-12-26 00:00:00+00:00,-9.41102365643598e-05,0.003795408373026943,-0.0074398407876241635
2023-12-27 00:00:00+00:00,-0.0023542705928266683,0.007293999769589554,0.004123223812733556
2023-12-28 00:00:00+00:00,0.0029261615201983115,-0.004108246574168639,-0.0029649582737453217
2023-12-29 00:00:00+00:00,-0.00771764418658083,0.004392284953652625,-0.0017105713747856965
